[{
	"beacons": [{
		"uuid": "23a01af0-232a-4518-9c0e-323fb773f5ef",
		"x": 4.7,
		"y": 0.24,
		"z": 2.6,
		"macAddress": "01:17:C5:96:84:FE",
		"major": 61902,
		"minor": 48049,
		"damp": 4,
		"txpower": -73.13
	}, {
		"uuid": "23a01af0-232a-4518-9c0e-323fb773f5ef",
		"x": 0.83,
		"y": 0.3,
		"z": 2.6,
		"macAddress": "01:17:C5:5A:0D:66",
		"major": 61902,
		"minor": 48050,
		"damp": 4,
		"txpower": -64.7
	}, {
		"uuid": "23a01af0-232a-4518-9c0e-323fb773f5ef",
		"x": 0.21,
		"y": 4.47,
		"z":2.6,
		"macAddress": "01:17:C5:55:07:8B",
		"major": 61902,
		"minor": 48051,
		"damp": 4,
		"txpower": -64.32
	}, {
		"uuid": "23a01af0-232a-4518-9c0e-323fb773f5ef",
		"x": 0.28,
		"y": 9.9,
		"z": 2.6,
		"macAddress": "01:17:C5:51:5B:C0",
		"major": 61902,
		"minor": 48052,
		"damp": 4,
		"txpower": -70.37
	}, {
		"uuid": "23a01af0-232a-4518-9c0e-323fb773f5ef",
		"x": 4,
		"y": 12.8,
		"z": 2.3,
		"macAddress": "01:17:C5:5D:16:5A",
		"major": 61902,
		"minor": 48053,
		"damp": 4,
		"txpower": -63.12
	}, {
		"uuid": "23a01af0-232a-4518-9c0e-323fb773f5ef",
		"x": 6.07,
		"y": 11.6,
		"z": 2.6,
		"macAddress": "01:17:C5:5A:A6:AB",
		"major": 61902,
		"minor": 48054,
		"damp": 4,
		"txpower": -66.96
	}, {
		"uuid": "23a01af0-232a-4518-9c0e-323fb773f5ef",
		"x": 6,
		"y": 9.04,
		"z": 2.6,
		"macAddress": "01:17:C5:58:DD:61",
		"major": 61902,
		"minor": 48055,
		"damp": 4,
		"txpower": -70.79
	}, {
		"uuid": "23a01af0-232a-4518-9c0e-323fb773f5ef",
		"x": 6,
		"y": 3.98,
		"z": 2.6,
		"macAddress": "01:17:C5:5E:1E:7E",
		"major": 61902,
		"minor": 48056,
		"damp": 4,
		"txpower": -70.9
	}, {
		"uuid": "23a01af0-232a-4518-9c0e-323fb773f5ef",
		"x": 6,
		"y": 1.05,
		"z": 2.6,
		"macAddress": "01:17:C5:5D:E2:2D",
		"major": 61902,
		"minor": 48057,
		"damp": 4,
		"txpower": -63.5
	}],
	"description": "Floor 1, Kaa Office",
	"width": 6,
	"height": 13,
	"pixelSize": 0.0062,
	"floor_number": 1
}]