[[{"beaconTypeCode":533,"dataFields":"[3]","distance":0.97085,"extraDataFields":"[]","identifiers":"[23a01af0-232a-4518-9c0e-323fb773f5ef, 61902, 48049]","MACaddress":"01:17:C5:59:B0:C0","manufacturer":0,"RSSI":-75,"serviceUUID":-1,"TXpower":-75,"TimeStamp":1582},{"beaconTypeCode":533,"dataFields":"[3]","distance":0.97085,"extraDataFields":"[]","identifiers":"[23a01af0-232a-4518-9c0e-323fb773f5ef, 61902, 48049]","MACaddress":"01:17:C5:59:B0:C0","manufacturer":0,"RSSI":-75,"serviceUUID":-1,"TXpower":-75,"TimeStamp":2597},{"beaconTypeCode":533,"dataFields":"[3]","distance":0.97085,"extraDataFields":"[]","identifiers":"[23a01af0-232a-4518-9c0e-323fb773f5ef, 61902, 48049]","MACaddress":"01:17:C5:59:B0:C0","manufacturer":0,"RSSI":-75,"serviceUUID":-1,"TXpower":-75,"TimeStamp":3117},{"beaconTypeCode":533,"dataFields":"[3]","distance":0.97085,"extraDataFields":"[]","identifiers":"[23a01af0-232a-4518-9c0e-323fb773f5ef, 61902, 48049]","MACaddress":"01:17:C5:59:B0:C0","manufacturer":0,"RSSI":-76,"serviceUUID":-1,"TXpower":-75,"TimeStamp":3629},{"beaconTypeCode":533,"dataFields":"[3]","distance":0.9787106582225209,"extraDataFields":"[]","identifiers":"[23a01af0-232a-4518-9c0e-323fb773f5ef, 61902, 48049]","MACaddress":"01:17:C5:59:B0:C0","manufacturer":0,"RSSI":-76,"serviceUUID":-1,"TXpower":-75,"TimeStamp":4693},{"beaconTypeCode":533,"dataFields":"[3]","distance":0.9840206222207937,"extraDataFields":"[]","identifiers":"[23a01af0-232a-4518-9c0e-323fb773f5ef, 61902, 48049]","MACaddress":"01:17:C5:59:B0:C0","manufacturer":0,"RSSI":-76,"serviceUUID":-1,"TXpower":-75,"TimeStamp":6206},{"beaconTypeCode":533,"dataFields":"[3]","distance":0.9878478280115754,"extraDataFields":"[]","identifiers":"[23a01af0-232a-4518-9c0e-323fb773f5ef, 61902, 48049]","MACaddress":"01:17:C5:59:B0:C0","manufacturer":0,"RSSI":-80,"serviceUUID":-1,"TXpower":-75,"TimeStamp":7243},{"beaconTypeCode":533,"dataFields":"[3]","distance":0.9907371546068897,"extraDataFields":"[]","identifiers":"[23a01af0-232a-4518-9c0e-323fb773f5ef, 61902, 48049]","MACaddress":"01:17:C5:59:B0:C0","manufacturer":0,"RSSI":-79,"serviceUUID":-1,"TXpower":-75,"TimeStamp":7744},{"beaconTypeCode":533,"dataFields":"[3]","distance":1.011423245509955,"extraDataFields":"[]","identifiers":"[23a01af0-232a-4518-9c0e-323fb773f5ef, 61902, 48049]","MACaddress":"01:17:C5:59:B0:C0","manufacturer":0,"RSSI":-79,"serviceUUID":-1,"TXpower":-75,"TimeStamp":8243},{"beaconTypeCode":533,"dataFields":"[3]","distance":1.027478043707024,"extraDataFields":"[]","identifiers":"[23a01af0-232a-4518-9c0e-323fb773f5ef, 61902, 48049]","MACaddress":"01:17:C5:59:B0:C0","manufacturer":0,"RSSI":-79,"serviceUUID":-1,"TXpower":-75,"TimeStamp":8767},{"beaconTypeCode":533,"dataFields":"[3]","distance":1.0402934292645336,"extraDataFields":"[]","identifiers":"[23a01af0-232a-4518-9c0e-323fb773f5ef, 61902, 48049]","MACaddress":"01:17:C5:59:B0:C0","manufacturer":0,"RSSI":-83,"serviceUUID":-1,"TXpower":-75,"TimeStamp":11778},{"beaconTypeCode":533,"dataFields":"[3]","distance":1.0552990189494478,"extraDataFields":"[]","identifiers":"[23a01af0-232a-4518-9c0e-323fb773f5ef, 61902, 48049]","MACaddress":"01:17:C5:59:B0:C0","manufacturer":0,"RSSI":-84,"serviceUUID":-1,"TXpower":-75,"TimeStamp":15932},{"beaconTypeCode":533,"dataFields":"[3]","distance":1.0807016685389175,"extraDataFields":"[]","identifiers":"[23a01af0-232a-4518-9c0e-323fb773f5ef, 61902, 48049]","MACaddress":"01:17:C5:59:B0:C0","manufacturer":0,"RSSI":-83,"serviceUUID":-1,"TXpower":-75,"TimeStamp":16957},{"beaconTypeCode":533,"dataFields":"[3]","distance":1.1026979455576207,"extraDataFields":"[]","identifiers":"[23a01af0-232a-4518-9c0e-323fb773f5ef, 61902, 48049]","MACaddress":"01:17:C5:59:B0:C0","manufacturer":0,"RSSI":-83,"serviceUUID":-1,"TXpower":-75,"TimeStamp":18466},{"beaconTypeCode":533,"dataFields":"[3]","distance":1.1277906975866152,"extraDataFields":"[]","identifiers":"[23a01af0-232a-4518-9c0e-323fb773f5ef, 61902, 48049]","MACaddress":"01:17:C5:59:B0:C0","manufacturer":0,"RSSI":-81,"serviceUUID":-1,"TXpower":-75,"TimeStamp":20987},{"beaconTypeCode":533,"dataFields":"[3]","distance":1.1538522551332897,"extraDataFields":"[]","identifiers":"[23a01af0-232a-4518-9c0e-323fb773f5ef, 61902, 48049]","MACaddress":"01:17:C5:59:B0:C0","manufacturer":0,"RSSI":-81,"serviceUUID":-1,"TXpower":-75,"TimeStamp":21492},{"beaconTypeCode":533,"dataFields":"[3]","distance":1.1769852367211544,"extraDataFields":"[]","identifiers":"[23a01af0-232a-4518-9c0e-323fb773f5ef, 61902, 48049]","MACaddress":"01:17:C5:59:B0:C0","manufacturer":0,"RSSI":-84,"serviceUUID":-1,"TXpower":-75,"TimeStamp":22010},{"beaconTypeCode":533,"dataFields":"[3]","distance":1.2008726202361695,"extraDataFields":"[]","identifiers":"[23a01af0-232a-4518-9c0e-323fb773f5ef, 61902, 48049]","MACaddress":"01:17:C5:59:B0:C0","manufacturer":0,"RSSI":-81,"serviceUUID":-1,"TXpower":-75,"TimeStamp":22548},{"beaconTypeCode":533,"dataFields":"[3]","distance":1.2404506769477806,"extraDataFields":"[]","identifiers":"[23a01af0-232a-4518-9c0e-323fb773f5ef, 61902, 48049]","MACaddress":"01:17:C5:59:B0:C0","manufacturer":0,"RSSI":-81,"serviceUUID":-1,"TXpower":-75,"TimeStamp":23069},{"beaconTypeCode":533,"dataFields":"[3]","distance":1.263689465565455,"extraDataFields":"[]","identifiers":"[23a01af0-232a-4518-9c0e-323fb773f5ef, 61902, 48049]","MACaddress":"01:17:C5:59:B0:C0","manufacturer":0,"RSSI":-81,"serviceUUID":-1,"TXpower":-75,"TimeStamp":23612},{"beaconTypeCode":533,"dataFields":"[3]","distance":1.2728302002696656,"extraDataFields":"[]","identifiers":"[23a01af0-232a-4518-9c0e-323fb773f5ef, 61902, 48049]","MACaddress":"01:17:C5:59:B0:C0","manufacturer":0,"RSSI":-83,"serviceUUID":-1,"TXpower":-75,"TimeStamp":24107},{"beaconTypeCode":533,"dataFields":"[3]","distance":1.2850124454862983,"extraDataFields":"[]","identifiers":"[23a01af0-232a-4518-9c0e-323fb773f5ef, 61902, 48049]","MACaddress":"01:17:C5:59:B0:C0","manufacturer":0,"RSSI":-85,"serviceUUID":-1,"TXpower":-75,"TimeStamp":24617},{"beaconTypeCode":533,"dataFields":"[3]","distance":1.3457085485866032,"extraDataFields":"[]","identifiers":"[23a01af0-232a-4518-9c0e-323fb773f5ef, 61902, 48049]","MACaddress":"01:17:C5:59:B0:C0","manufacturer":0,"RSSI":-82,"serviceUUID":-1,"TXpower":-75,"TimeStamp":30241},{"beaconTypeCode":533,"dataFields":"[3]","distance":1.3444864328760247,"extraDataFields":"[]","identifiers":"[23a01af0-232a-4518-9c0e-323fb773f5ef, 61902, 48049]","MACaddress":"01:17:C5:59:B0:C0","manufacturer":0,"RSSI":-82,"serviceUUID":-1,"TXpower":-75,"TimeStamp":30738},{"beaconTypeCode":533,"dataFields":"[3]","distance":1.337894522599943,"extraDataFields":"[]","identifiers":"[23a01af0-232a-4518-9c0e-323fb773f5ef, 61902, 48049]","MACaddress":"01:17:C5:59:B0:C0","manufacturer":0,"RSSI":-81,"serviceUUID":-1,"TXpower":-75,"TimeStamp":31255},{"beaconTypeCode":533,"dataFields":"[3]","distance":1.326845616819813,"extraDataFields":"[]","identifiers":"[23a01af0-232a-4518-9c0e-323fb773f5ef, 61902, 48049]","MACaddress":"01:17:C5:59:B0:C0","manufacturer":0,"RSSI":-81,"serviceUUID":-1,"TXpower":-75,"TimeStamp":31776},{"beaconTypeCode":533,"dataFields":"[3]","distance":1.3272681087747205,"extraDataFields":"[]","identifiers":"[23a01af0-232a-4518-9c0e-323fb773f5ef, 61902, 48049]","MACaddress":"01:17:C5:59:B0:C0","manufacturer":0,"RSSI":-82,"serviceUUID":-1,"TXpower":-75,"TimeStamp":32271},{"beaconTypeCode":533,"dataFields":"[3]","distance":1.3229318554004794,"extraDataFields":"[]","identifiers":"[23a01af0-232a-4518-9c0e-323fb773f5ef, 61902, 48049]","MACaddress":"01:17:C5:59:B0:C0","manufacturer":0,"RSSI":-81,"serviceUUID":-1,"TXpower":-75,"TimeStamp":32778}],[{"beaconTypeCode":533,"dataFields":"[3]","distance":1.6392405224218969,"extraDataFields":"[]","identifiers":"[23a01af0-232a-4518-9c0e-323fb773f5ef, 61902, 48050]","MACaddress":"01:17:C5:5A:0D:66","manufacturer":0,"RSSI":-86,"serviceUUID":-1,"TXpower":-75,"TimeStamp":1582},{"beaconTypeCode":533,"dataFields":"[3]","distance":1.6392405224218969,"extraDataFields":"[]","identifiers":"[23a01af0-232a-4518-9c0e-323fb773f5ef, 61902, 48050]","MACaddress":"01:17:C5:5A:0D:66","manufacturer":0,"RSSI":-86,"serviceUUID":-1,"TXpower":-75,"TimeStamp":3117},{"beaconTypeCode":533,"dataFields":"[3]","distance":1.6392405224218969,"extraDataFields":"[]","identifiers":"[23a01af0-232a-4518-9c0e-323fb773f5ef, 61902, 48050]","MACaddress":"01:17:C5:5A:0D:66","manufacturer":0,"RSSI":-88,"serviceUUID":-1,"TXpower":-75,"TimeStamp":4164},{"beaconTypeCode":533,"dataFields":"[3]","distance":1.6689147718991544,"extraDataFields":"[]","identifiers":"[23a01af0-232a-4518-9c0e-323fb773f5ef, 61902, 48050]","MACaddress":"01:17:C5:5A:0D:66","manufacturer":0,"RSSI":-87,"serviceUUID":-1,"TXpower":-75,"TimeStamp":5202},{"beaconTypeCode":533,"dataFields":"[3]","distance":1.7069784787080022,"extraDataFields":"[]","identifiers":"[23a01af0-232a-4518-9c0e-323fb773f5ef, 61902, 48050]","MACaddress":"01:17:C5:5A:0D:66","manufacturer":0,"RSSI":-88,"serviceUUID":-1,"TXpower":-75,"TimeStamp":5703},{"beaconTypeCode":533,"dataFields":"[3]","distance":1.7116197300657137,"extraDataFields":"[]","identifiers":"[23a01af0-232a-4518-9c0e-323fb773f5ef, 61902, 48050]","MACaddress":"01:17:C5:5A:0D:66","manufacturer":0,"RSSI":-87,"serviceUUID":-1,"TXpower":-75,"TimeStamp":6206},{"beaconTypeCode":533,"dataFields":"[3]","distance":1.6992783330379695,"extraDataFields":"[]","identifiers":"[23a01af0-232a-4518-9c0e-323fb773f5ef, 61902, 48050]","MACaddress":"01:17:C5:5A:0D:66","manufacturer":0,"RSSI":-85,"serviceUUID":-1,"TXpower":-75,"TimeStamp":6728},{"beaconTypeCode":533,"dataFields":"[3]","distance":1.6775191606910604,"extraDataFields":"[]","identifiers":"[23a01af0-232a-4518-9c0e-323fb773f5ef, 61902, 48050]","MACaddress":"01:17:C5:5A:0D:66","manufacturer":0,"RSSI":-83,"serviceUUID":-1,"TXpower":-75,"TimeStamp":8767},{"beaconTypeCode":533,"dataFields":"[3]","distance":1.6539923046060958,"extraDataFields":"[]","identifiers":"[23a01af0-232a-4518-9c0e-323fb773f5ef, 61902, 48050]","MACaddress":"01:17:C5:5A:0D:66","manufacturer":0,"RSSI":-84,"serviceUUID":-1,"TXpower":-75,"TimeStamp":9767},{"beaconTypeCode":533,"dataFields":"[3]","distance":1.626730755324639,"extraDataFields":"[]","identifiers":"[23a01af0-232a-4518-9c0e-323fb773f5ef, 61902, 48050]","MACaddress":"01:17:C5:5A:0D:66","manufacturer":0,"RSSI":-83,"serviceUUID":-1,"TXpower":-75,"TimeStamp":10761},{"beaconTypeCode":533,"dataFields":"[3]","distance":1.595993076472241,"extraDataFields":"[]","identifiers":"[23a01af0-232a-4518-9c0e-323fb773f5ef, 61902, 48050]","MACaddress":"01:17:C5:5A:0D:66","manufacturer":0,"RSSI":-82,"serviceUUID":-1,"TXpower":-75,"TimeStamp":11267},{"beaconTypeCode":533,"dataFields":"[3]","distance":1.5726082301562454,"extraDataFields":"[]","identifiers":"[23a01af0-232a-4518-9c0e-323fb773f5ef, 61902, 48050]","MACaddress":"01:17:C5:5A:0D:66","manufacturer":0,"RSSI":-82,"serviceUUID":-1,"TXpower":-75,"TimeStamp":11778},{"beaconTypeCode":533,"dataFields":"[3]","distance":1.5624615587932653,"extraDataFields":"[]","identifiers":"[23a01af0-232a-4518-9c0e-323fb773f5ef, 61902, 48050]","MACaddress":"01:17:C5:5A:0D:66","manufacturer":0,"RSSI":-84,"serviceUUID":-1,"TXpower":-75,"TimeStamp":12292},{"beaconTypeCode":533,"dataFields":"[3]","distance":1.5542239576146173,"extraDataFields":"[]","identifiers":"[23a01af0-232a-4518-9c0e-323fb773f5ef, 61902, 48050]","MACaddress":"01:17:C5:5A:0D:66","manufacturer":0,"RSSI":-84,"serviceUUID":-1,"TXpower":-75,"TimeStamp":13355},{"beaconTypeCode":533,"dataFields":"[3]","distance":1.5610846222602364,"extraDataFields":"[]","identifiers":"[23a01af0-232a-4518-9c0e-323fb773f5ef, 61902, 48050]","MACaddress":"01:17:C5:5A:0D:66","manufacturer":0,"RSSI":-86,"serviceUUID":-1,"TXpower":-75,"TimeStamp":13869},{"beaconTypeCode":533,"dataFields":"[3]","distance":1.5605554582773609,"extraDataFields":"[]","identifiers":"[23a01af0-232a-4518-9c0e-323fb773f5ef, 61902, 48050]","MACaddress":"01:17:C5:5A:0D:66","manufacturer":0,"RSSI":-85,"serviceUUID":-1,"TXpower":-75,"TimeStamp":14380},{"beaconTypeCode":533,"dataFields":"[3]","distance":1.5425555118362733,"extraDataFields":"[]","identifiers":"[23a01af0-232a-4518-9c0e-323fb773f5ef, 61902, 48050]","MACaddress":"01:17:C5:5A:0D:66","manufacturer":0,"RSSI":-80,"serviceUUID":-1,"TXpower":-75,"TimeStamp":15409},{"beaconTypeCode":533,"dataFields":"[3]","distance":1.5379207379015818,"extraDataFields":"[]","identifiers":"[23a01af0-232a-4518-9c0e-323fb773f5ef, 61902, 48050]","MACaddress":"01:17:C5:5A:0D:66","manufacturer":0,"RSSI":-84,"serviceUUID":-1,"TXpower":-75,"TimeStamp":15932},{"beaconTypeCode":533,"dataFields":"[3]","distance":1.5425555118362733,"extraDataFields":"[]","identifiers":"[23a01af0-232a-4518-9c0e-323fb773f5ef, 61902, 48050]","MACaddress":"01:17:C5:5A:0D:66","manufacturer":0,"RSSI":-85,"serviceUUID":-1,"TXpower":-75,"TimeStamp":16435},{"beaconTypeCode":533,"dataFields":"[3]","distance":1.5433297808217783,"extraDataFields":"[]","identifiers":"[23a01af0-232a-4518-9c0e-323fb773f5ef, 61902, 48050]","MACaddress":"01:17:C5:5A:0D:66","manufacturer":0,"RSSI":-85,"serviceUUID":-1,"TXpower":-75,"TimeStamp":16957},{"beaconTypeCode":533,"dataFields":"[3]","distance":1.5440076902383209,"extraDataFields":"[]","identifiers":"[23a01af0-232a-4518-9c0e-323fb773f5ef, 61902, 48050]","MACaddress":"01:17:C5:5A:0D:66","manufacturer":0,"RSSI":-85,"serviceUUID":-1,"TXpower":-75,"TimeStamp":17462},{"beaconTypeCode":533,"dataFields":"[3]","distance":1.5446061744456154,"extraDataFields":"[]","identifiers":"[23a01af0-232a-4518-9c0e-323fb773f5ef, 61902, 48050]","MACaddress":"01:17:C5:5A:0D:66","manufacturer":0,"RSSI":-85,"serviceUUID":-1,"TXpower":-75,"TimeStamp":17944},{"beaconTypeCode":533,"dataFields":"[3]","distance":1.5406220991644892,"extraDataFields":"[]","identifiers":"[23a01af0-232a-4518-9c0e-323fb773f5ef, 61902, 48050]","MACaddress":"01:17:C5:5A:0D:66","manufacturer":0,"RSSI":-84,"serviceUUID":-1,"TXpower":-75,"TimeStamp":18952},{"beaconTypeCode":533,"dataFields":"[3]","distance":1.5328196584337448,"extraDataFields":"[]","identifiers":"[23a01af0-232a-4518-9c0e-323fb773f5ef, 61902, 48050]","MACaddress":"01:17:C5:5A:0D:66","manufacturer":0,"RSSI":-83,"serviceUUID":-1,"TXpower":-75,"TimeStamp":19479},{"beaconTypeCode":533,"dataFields":"[3]","distance":1.5310033167322743,"extraDataFields":"[]","identifiers":"[23a01af0-232a-4518-9c0e-323fb773f5ef, 61902, 48050]","MACaddress":"01:17:C5:5A:0D:66","manufacturer":0,"RSSI":-84,"serviceUUID":-1,"TXpower":-75,"TimeStamp":20475},{"beaconTypeCode":533,"dataFields":"[3]","distance":1.5233659601949971,"extraDataFields":"[]","identifiers":"[23a01af0-232a-4518-9c0e-323fb773f5ef, 61902, 48050]","MACaddress":"01:17:C5:5A:0D:66","manufacturer":0,"RSSI":-84,"serviceUUID":-1,"TXpower":-75,"TimeStamp":20987},{"beaconTypeCode":533,"dataFields":"[3]","distance":1.5120053747739726,"extraDataFields":"[]","identifiers":"[23a01af0-232a-4518-9c0e-323fb773f5ef, 61902, 48050]","MACaddress":"01:17:C5:5A:0D:66","manufacturer":0,"RSSI":-83,"serviceUUID":-1,"TXpower":-75,"TimeStamp":21492},{"beaconTypeCode":533,"dataFields":"[3]","distance":1.5067086414875988,"extraDataFields":"[]","identifiers":"[23a01af0-232a-4518-9c0e-323fb773f5ef, 61902, 48050]","MACaddress":"01:17:C5:5A:0D:66","manufacturer":0,"RSSI":-83,"serviceUUID":-1,"TXpower":-75,"TimeStamp":22010},{"beaconTypeCode":533,"dataFields":"[3]","distance":1.5053087916463221,"extraDataFields":"[]","identifiers":"[23a01af0-232a-4518-9c0e-323fb773f5ef, 61902, 48050]","MACaddress":"01:17:C5:5A:0D:66","manufacturer":0,"RSSI":-86,"serviceUUID":-1,"TXpower":-75,"TimeStamp":23069},{"beaconTypeCode":533,"dataFields":"[3]","distance":1.4950966924092608,"extraDataFields":"[]","identifiers":"[23a01af0-232a-4518-9c0e-323fb773f5ef, 61902, 48050]","MACaddress":"01:17:C5:5A:0D:66","manufacturer":0,"RSSI":-84,"serviceUUID":-1,"TXpower":-75,"TimeStamp":24107},{"beaconTypeCode":533,"dataFields":"[3]","distance":1.4995722577549477,"extraDataFields":"[]","identifiers":"[23a01af0-232a-4518-9c0e-323fb773f5ef, 61902, 48050]","MACaddress":"01:17:C5:5A:0D:66","manufacturer":0,"RSSI":-88,"serviceUUID":-1,"TXpower":-75,"TimeStamp":25129},{"beaconTypeCode":533,"dataFields":"[3]","distance":1.4950966924092608,"extraDataFields":"[]","identifiers":"[23a01af0-232a-4518-9c0e-323fb773f5ef, 61902, 48050]","MACaddress":"01:17:C5:5A:0D:66","manufacturer":0,"RSSI":-87,"serviceUUID":-1,"TXpower":-75,"TimeStamp":25669},{"beaconTypeCode":533,"dataFields":"[3]","distance":1.485436094516364,"extraDataFields":"[]","identifiers":"[23a01af0-232a-4518-9c0e-323fb773f5ef, 61902, 48050]","MACaddress":"01:17:C5:5A:0D:66","manufacturer":0,"RSSI":-84,"serviceUUID":-1,"TXpower":-75,"TimeStamp":26662},{"beaconTypeCode":533,"dataFields":"[3]","distance":1.4816260198197833,"extraDataFields":"[]","identifiers":"[23a01af0-232a-4518-9c0e-323fb773f5ef, 61902, 48050]","MACaddress":"01:17:C5:5A:0D:66","manufacturer":0,"RSSI":-83,"serviceUUID":-1,"TXpower":-75,"TimeStamp":27696},{"beaconTypeCode":533,"dataFields":"[3]","distance":1.4784358304186676,"extraDataFields":"[]","identifiers":"[23a01af0-232a-4518-9c0e-323fb773f5ef, 61902, 48050]","MACaddress":"01:17:C5:5A:0D:66","manufacturer":0,"RSSI":-84,"serviceUUID":-1,"TXpower":-75,"TimeStamp":28196},{"beaconTypeCode":533,"dataFields":"[3]","distance":1.485436094516364,"extraDataFields":"[]","identifiers":"[23a01af0-232a-4518-9c0e-323fb773f5ef, 61902, 48050]","MACaddress":"01:17:C5:5A:0D:66","manufacturer":0,"RSSI":-85,"serviceUUID":-1,"TXpower":-75,"TimeStamp":28727},{"beaconTypeCode":533,"dataFields":"[3]","distance":1.4917134923321327,"extraDataFields":"[]","identifiers":"[23a01af0-232a-4518-9c0e-323fb773f5ef, 61902, 48050]","MACaddress":"01:17:C5:5A:0D:66","manufacturer":0,"RSSI":-88,"serviceUUID":-1,"TXpower":-75,"TimeStamp":29207},{"beaconTypeCode":533,"dataFields":"[3]","distance":1.4917134923321327,"extraDataFields":"[]","identifiers":"[23a01af0-232a-4518-9c0e-323fb773f5ef, 61902, 48050]","MACaddress":"01:17:C5:5A:0D:66","manufacturer":0,"RSSI":-84,"serviceUUID":-1,"TXpower":-75,"TimeStamp":29716},{"beaconTypeCode":533,"dataFields":"[3]","distance":1.4950966924092608,"extraDataFields":"[]","identifiers":"[23a01af0-232a-4518-9c0e-323fb773f5ef, 61902, 48050]","MACaddress":"01:17:C5:5A:0D:66","manufacturer":0,"RSSI":-84,"serviceUUID":-1,"TXpower":-75,"TimeStamp":30738},{"beaconTypeCode":533,"dataFields":"[3]","distance":1.5018943154647664,"extraDataFields":"[]","identifiers":"[23a01af0-232a-4518-9c0e-323fb773f5ef, 61902, 48050]","MACaddress":"01:17:C5:5A:0D:66","manufacturer":0,"RSSI":-82,"serviceUUID":-1,"TXpower":-75,"TimeStamp":32271},{"beaconTypeCode":533,"dataFields":"[3]","distance":1.4984902912619682,"extraDataFields":"[]","identifiers":"[23a01af0-232a-4518-9c0e-323fb773f5ef, 61902, 48050]","MACaddress":"01:17:C5:5A:0D:66","manufacturer":0,"RSSI":-81,"serviceUUID":-1,"TXpower":-75,"TimeStamp":33285}],[{"beaconTypeCode":533,"dataFields":"[3]","distance":1.2684166754739192,"extraDataFields":"[]","identifiers":"[23a01af0-232a-4518-9c0e-323fb773f5ef, 61902, 48057]","MACaddress":"01:17:C5:5D:E2:2D","manufacturer":0,"RSSI":-81,"serviceUUID":-1,"TXpower":-75,"TimeStamp":1582},{"beaconTypeCode":533,"dataFields":"[3]","distance":1.2684166754739192,"extraDataFields":"[]","identifiers":"[23a01af0-232a-4518-9c0e-323fb773f5ef, 61902, 48057]","MACaddress":"01:17:C5:5D:E2:2D","manufacturer":0,"RSSI":-83,"serviceUUID":-1,"TXpower":-75,"TimeStamp":2597},{"beaconTypeCode":533,"dataFields":"[3]","distance":1.2998018606097679,"extraDataFields":"[]","identifiers":"[23a01af0-232a-4518-9c0e-323fb773f5ef, 61902, 48057]","MACaddress":"01:17:C5:5D:E2:2D","manufacturer":0,"RSSI":-82,"serviceUUID":-1,"TXpower":-75,"TimeStamp":3117},{"beaconTypeCode":533,"dataFields":"[3]","distance":1.3105210213381473,"extraDataFields":"[]","identifiers":"[23a01af0-232a-4518-9c0e-323fb773f5ef, 61902, 48057]","MACaddress":"01:17:C5:5D:E2:2D","manufacturer":0,"RSSI":-82,"serviceUUID":-1,"TXpower":-75,"TimeStamp":3629},{"beaconTypeCode":533,"dataFields":"[3]","distance":1.3159296070313675,"extraDataFields":"[]","identifiers":"[23a01af0-232a-4518-9c0e-323fb773f5ef, 61902, 48057]","MACaddress":"01:17:C5:5D:E2:2D","manufacturer":0,"RSSI":-82,"serviceUUID":-1,"TXpower":-75,"TimeStamp":4164},{"beaconTypeCode":533,"dataFields":"[3]","distance":1.3191905353742333,"extraDataFields":"[]","identifiers":"[23a01af0-232a-4518-9c0e-323fb773f5ef, 61902, 48057]","MACaddress":"01:17:C5:5D:E2:2D","manufacturer":0,"RSSI":-82,"serviceUUID":-1,"TXpower":-75,"TimeStamp":5202},{"beaconTypeCode":533,"dataFields":"[3]","distance":1.3213710834532875,"extraDataFields":"[]","identifiers":"[23a01af0-232a-4518-9c0e-323fb773f5ef, 61902, 48057]","MACaddress":"01:17:C5:5D:E2:2D","manufacturer":0,"RSSI":-82,"serviceUUID":-1,"TXpower":-75,"TimeStamp":5703},{"beaconTypeCode":533,"dataFields":"[3]","distance":1.3136076239663401,"extraDataFields":"[]","identifiers":"[23a01af0-232a-4518-9c0e-323fb773f5ef, 61902, 48057]","MACaddress":"01:17:C5:5D:E2:2D","manufacturer":0,"RSSI":-81,"serviceUUID":-1,"TXpower":-75,"TimeStamp":6206},{"beaconTypeCode":533,"dataFields":"[3]","distance":1.3213710834532875,"extraDataFields":"[]","identifiers":"[23a01af0-232a-4518-9c0e-323fb773f5ef, 61902, 48057]","MACaddress":"01:17:C5:5D:E2:2D","manufacturer":0,"RSSI":-83,"serviceUUID":-1,"TXpower":-75,"TimeStamp":6729},{"beaconTypeCode":533,"dataFields":"[3]","distance":1.3136076239663401,"extraDataFields":"[]","identifiers":"[23a01af0-232a-4518-9c0e-323fb773f5ef, 61902, 48057]","MACaddress":"01:17:C5:5D:E2:2D","manufacturer":0,"RSSI":-81,"serviceUUID":-1,"TXpower":-75,"TimeStamp":7243},{"beaconTypeCode":533,"dataFields":"[3]","distance":1.3078290107549078,"extraDataFields":"[]","identifiers":"[23a01af0-232a-4518-9c0e-323fb773f5ef, 61902, 48057]","MACaddress":"01:17:C5:5D:E2:2D","manufacturer":0,"RSSI":-80,"serviceUUID":-1,"TXpower":-75,"TimeStamp":7744},{"beaconTypeCode":533,"dataFields":"[3]","distance":1.3033604510658194,"extraDataFields":"[]","identifiers":"[23a01af0-232a-4518-9c0e-323fb773f5ef, 61902, 48057]","MACaddress":"01:17:C5:5D:E2:2D","manufacturer":0,"RSSI":-80,"serviceUUID":-1,"TXpower":-75,"TimeStamp":8243},{"beaconTypeCode":533,"dataFields":"[3]","distance":1.2934326487695587,"extraDataFields":"[]","identifiers":"[23a01af0-232a-4518-9c0e-323fb773f5ef, 61902, 48057]","MACaddress":"01:17:C5:5D:E2:2D","manufacturer":0,"RSSI":-80,"serviceUUID":-1,"TXpower":-75,"TimeStamp":8767},{"beaconTypeCode":533,"dataFields":"[3]","distance":1.2853934031307301,"extraDataFields":"[]","identifiers":"[23a01af0-232a-4518-9c0e-323fb773f5ef, 61902, 48057]","MACaddress":"01:17:C5:5D:E2:2D","manufacturer":0,"RSSI":-80,"serviceUUID":-1,"TXpower":-75,"TimeStamp":9257},{"beaconTypeCode":533,"dataFields":"[3]","distance":1.2787509882459203,"extraDataFields":"[]","identifiers":"[23a01af0-232a-4518-9c0e-323fb773f5ef, 61902, 48057]","MACaddress":"01:17:C5:5D:E2:2D","manufacturer":0,"RSSI":-79,"serviceUUID":-1,"TXpower":-75,"TimeStamp":10262},{"beaconTypeCode":533,"dataFields":"[3]","distance":1.273170661352667,"extraDataFields":"[]","identifiers":"[23a01af0-232a-4518-9c0e-323fb773f5ef, 61902, 48057]","MACaddress":"01:17:C5:5D:E2:2D","manufacturer":0,"RSSI":-79,"serviceUUID":-1,"TXpower":-75,"TimeStamp":10761},{"beaconTypeCode":533,"dataFields":"[3]","distance":1.2640262381172684,"extraDataFields":"[]","identifiers":"[23a01af0-232a-4518-9c0e-323fb773f5ef, 61902, 48057]","MACaddress":"01:17:C5:5D:E2:2D","manufacturer":0,"RSSI":-79,"serviceUUID":-1,"TXpower":-75,"TimeStamp":11268},{"beaconTypeCode":533,"dataFields":"[3]","distance":1.2602397898497566,"extraDataFields":"[]","identifiers":"[23a01af0-232a-4518-9c0e-323fb773f5ef, 61902, 48057]","MACaddress":"01:17:C5:5D:E2:2D","manufacturer":0,"RSSI":-80,"serviceUUID":-1,"TXpower":-75,"TimeStamp":11778},{"beaconTypeCode":533,"dataFields":"[3]","distance":1.2521426983263888,"extraDataFields":"[]","identifiers":"[23a01af0-232a-4518-9c0e-323fb773f5ef, 61902, 48057]","MACaddress":"01:17:C5:5D:E2:2D","manufacturer":0,"RSSI":-79,"serviceUUID":-1,"TXpower":-75,"TimeStamp":12817},{"beaconTypeCode":533,"dataFields":"[3]","distance":1.2531504932438065,"extraDataFields":"[]","identifiers":"[23a01af0-232a-4518-9c0e-323fb773f5ef, 61902, 48057]","MACaddress":"01:17:C5:5D:E2:2D","manufacturer":0,"RSSI":-81,"serviceUUID":-1,"TXpower":-75,"TimeStamp":13355},{"beaconTypeCode":533,"dataFields":"[3]","distance":1.2504854960106253,"extraDataFields":"[]","identifiers":"[23a01af0-232a-4518-9c0e-323fb773f5ef, 61902, 48057]","MACaddress":"01:17:C5:5D:E2:2D","manufacturer":0,"RSSI":-80,"serviceUUID":-1,"TXpower":-75,"TimeStamp":13869},{"beaconTypeCode":533,"dataFields":"[3]","distance":1.2428659530236728,"extraDataFields":"[]","identifiers":"[23a01af0-232a-4518-9c0e-323fb773f5ef, 61902, 48057]","MACaddress":"01:17:C5:5D:E2:2D","manufacturer":0,"RSSI":-78,"serviceUUID":-1,"TXpower":-75,"TimeStamp":14886},{"beaconTypeCode":533,"dataFields":"[3]","distance":1.2411382951973935,"extraDataFields":"[]","identifiers":"[23a01af0-232a-4518-9c0e-323fb773f5ef, 61902, 48057]","MACaddress":"01:17:C5:5D:E2:2D","manufacturer":0,"RSSI":-80,"serviceUUID":-1,"TXpower":-75,"TimeStamp":15410},{"beaconTypeCode":533,"dataFields":"[3]","distance":1.2367498201321965,"extraDataFields":"[]","identifiers":"[23a01af0-232a-4518-9c0e-323fb773f5ef, 61902, 48057]","MACaddress":"01:17:C5:5D:E2:2D","manufacturer":0,"RSSI":-79,"serviceUUID":-1,"TXpower":-75,"TimeStamp":15932},{"beaconTypeCode":533,"dataFields":"[3]","distance":1.2327810168746098,"extraDataFields":"[]","identifiers":"[23a01af0-232a-4518-9c0e-323fb773f5ef, 61902, 48057]","MACaddress":"01:17:C5:5D:E2:2D","manufacturer":0,"RSSI":-79,"serviceUUID":-1,"TXpower":-75,"TimeStamp":16435},{"beaconTypeCode":533,"dataFields":"[3]","distance":1.2291744892931273,"extraDataFields":"[]","identifiers":"[23a01af0-232a-4518-9c0e-323fb773f5ef, 61902, 48057]","MACaddress":"01:17:C5:5D:E2:2D","manufacturer":0,"RSSI":-79,"serviceUUID":-1,"TXpower":-75,"TimeStamp":17462},{"beaconTypeCode":533,"dataFields":"[3]","distance":1.2274352575066056,"extraDataFields":"[]","identifiers":"[23a01af0-232a-4518-9c0e-323fb773f5ef, 61902, 48057]","MACaddress":"01:17:C5:5D:E2:2D","manufacturer":0,"RSSI":-80,"serviceUUID":-1,"TXpower":-75,"TimeStamp":18466},{"beaconTypeCode":533,"dataFields":"[3]","distance":1.2266249215716267,"extraDataFields":"[]","identifiers":"[23a01af0-232a-4518-9c0e-323fb773f5ef, 61902, 48057]","MACaddress":"01:17:C5:5D:E2:2D","manufacturer":0,"RSSI":-80,"serviceUUID":-1,"TXpower":-75,"TimeStamp":18952},{"beaconTypeCode":533,"dataFields":"[3]","distance":1.2234494860445784,"extraDataFields":"[]","identifiers":"[23a01af0-232a-4518-9c0e-323fb773f5ef, 61902, 48057]","MACaddress":"01:17:C5:5D:E2:2D","manufacturer":0,"RSSI":-78,"serviceUUID":-1,"TXpower":-75,"TimeStamp":19973},{"beaconTypeCode":533,"dataFields":"[3]","distance":1.2205393600756116,"extraDataFields":"[]","identifiers":"[23a01af0-232a-4518-9c0e-323fb773f5ef, 61902, 48057]","MACaddress":"01:17:C5:5D:E2:2D","manufacturer":0,"RSSI":-79,"serviceUUID":-1,"TXpower":-75,"TimeStamp":20475},{"beaconTypeCode":533,"dataFields":"[3]","distance":1.2159055477878329,"extraDataFields":"[]","identifiers":"[23a01af0-232a-4518-9c0e-323fb773f5ef, 61902, 48057]","MACaddress":"01:17:C5:5D:E2:2D","manufacturer":0,"RSSI":-79,"serviceUUID":-1,"TXpower":-75,"TimeStamp":20988},{"beaconTypeCode":533,"dataFields":"[3]","distance":1.2135989390701574,"extraDataFields":"[]","identifiers":"[23a01af0-232a-4518-9c0e-323fb773f5ef, 61902, 48057]","MACaddress":"01:17:C5:5D:E2:2D","manufacturer":0,"RSSI":-80,"serviceUUID":-1,"TXpower":-75,"TimeStamp":21492},{"beaconTypeCode":533,"dataFields":"[3]","distance":1.2112108565874475,"extraDataFields":"[]","identifiers":"[23a01af0-232a-4518-9c0e-323fb773f5ef, 61902, 48057]","MACaddress":"01:17:C5:5D:E2:2D","manufacturer":0,"RSSI":-79,"serviceUUID":-1,"TXpower":-75,"TimeStamp":22011},{"beaconTypeCode":533,"dataFields":"[3]","distance":1.2111290913891617,"extraDataFields":"[]","identifiers":"[23a01af0-232a-4518-9c0e-323fb773f5ef, 61902, 48057]","MACaddress":"01:17:C5:5D:E2:2D","manufacturer":0,"RSSI":-80,"serviceUUID":-1,"TXpower":-75,"TimeStamp":22548},{"beaconTypeCode":533,"dataFields":"[3]","distance":1.200250532975397,"extraDataFields":"[]","identifiers":"[23a01af0-232a-4518-9c0e-323fb773f5ef, 61902, 48057]","MACaddress":"01:17:C5:5D:E2:2D","manufacturer":0,"RSSI":-77,"serviceUUID":-1,"TXpower":-75,"TimeStamp":23069},{"beaconTypeCode":533,"dataFields":"[3]","distance":1.1915945991888734,"extraDataFields":"[]","identifiers":"[23a01af0-232a-4518-9c0e-323fb773f5ef, 61902, 48057]","MACaddress":"01:17:C5:5D:E2:2D","manufacturer":0,"RSSI":-79,"serviceUUID":-1,"TXpower":-75,"TimeStamp":24617},{"beaconTypeCode":533,"dataFields":"[3]","distance":1.1873037478481412,"extraDataFields":"[]","identifiers":"[23a01af0-232a-4518-9c0e-323fb773f5ef, 61902, 48057]","MACaddress":"01:17:C5:5D:E2:2D","manufacturer":0,"RSSI":-79,"serviceUUID":-1,"TXpower":-75,"TimeStamp":25130},{"beaconTypeCode":533,"dataFields":"[3]","distance":1.1830374830524577,"extraDataFields":"[]","identifiers":"[23a01af0-232a-4518-9c0e-323fb773f5ef, 61902, 48057]","MACaddress":"01:17:C5:5D:E2:2D","manufacturer":0,"RSSI":-79,"serviceUUID":-1,"TXpower":-75,"TimeStamp":25669},{"beaconTypeCode":533,"dataFields":"[3]","distance":1.1798114930941401,"extraDataFields":"[]","identifiers":"[23a01af0-232a-4518-9c0e-323fb773f5ef, 61902, 48057]","MACaddress":"01:17:C5:5D:E2:2D","manufacturer":0,"RSSI":-79,"serviceUUID":-1,"TXpower":-75,"TimeStamp":27178},{"beaconTypeCode":533,"dataFields":"[3]","distance":1.1786194753024215,"extraDataFields":"[]","identifiers":"[23a01af0-232a-4518-9c0e-323fb773f5ef, 61902, 48057]","MACaddress":"01:17:C5:5D:E2:2D","manufacturer":0,"RSSI":-80,"serviceUUID":-1,"TXpower":-75,"TimeStamp":27696},{"beaconTypeCode":533,"dataFields":"[3]","distance":1.1786194753024215,"extraDataFields":"[]","identifiers":"[23a01af0-232a-4518-9c0e-323fb773f5ef, 61902, 48057]","MACaddress":"01:17:C5:5D:E2:2D","manufacturer":0,"RSSI":-80,"serviceUUID":-1,"TXpower":-75,"TimeStamp":28196},{"beaconTypeCode":533,"dataFields":"[3]","distance":1.1784112790254788,"extraDataFields":"[]","identifiers":"[23a01af0-232a-4518-9c0e-323fb773f5ef, 61902, 48057]","MACaddress":"01:17:C5:5D:E2:2D","manufacturer":0,"RSSI":-80,"serviceUUID":-1,"TXpower":-75,"TimeStamp":30241},{"beaconTypeCode":533,"dataFields":"[3]","distance":1.1784112790254788,"extraDataFields":"[]","identifiers":"[23a01af0-232a-4518-9c0e-323fb773f5ef, 61902, 48057]","MACaddress":"01:17:C5:5D:E2:2D","manufacturer":0,"RSSI":-79,"serviceUUID":-1,"TXpower":-75,"TimeStamp":30738},{"beaconTypeCode":533,"dataFields":"[3]","distance":1.1809135339331545,"extraDataFields":"[]","identifiers":"[23a01af0-232a-4518-9c0e-323fb773f5ef, 61902, 48057]","MACaddress":"01:17:C5:5D:E2:2D","manufacturer":0,"RSSI":-82,"serviceUUID":-1,"TXpower":-75,"TimeStamp":31776},{"beaconTypeCode":533,"dataFields":"[3]","distance":1.1821132761200719,"extraDataFields":"[]","identifiers":"[23a01af0-232a-4518-9c0e-323fb773f5ef, 61902, 48057]","MACaddress":"01:17:C5:5D:E2:2D","manufacturer":0,"RSSI":-81,"serviceUUID":-1,"TXpower":-75,"TimeStamp":32271},{"beaconTypeCode":533,"dataFields":"[3]","distance":1.185943638629643,"extraDataFields":"[]","identifiers":"[23a01af0-232a-4518-9c0e-323fb773f5ef, 61902, 48057]","MACaddress":"01:17:C5:5D:E2:2D","manufacturer":0,"RSSI":-81,"serviceUUID":-1,"TXpower":-75,"TimeStamp":32778},{"beaconTypeCode":533,"dataFields":"[3]","distance":1.185943638629643,"extraDataFields":"[]","identifiers":"[23a01af0-232a-4518-9c0e-323fb773f5ef, 61902, 48057]","MACaddress":"01:17:C5:5D:E2:2D","manufacturer":0,"RSSI":-81,"serviceUUID":-1,"TXpower":-75,"TimeStamp":33285}],[{"beaconTypeCode":533,"dataFields":"[3]","distance":0.97085,"extraDataFields":"[]","identifiers":"[23a01af0-232a-4518-9c0e-323fb773f5ef, 61902, 48055]","MACaddress":"01:17:C5:58:DD:61","manufacturer":0,"RSSI":-75,"serviceUUID":-1,"TXpower":-75,"TimeStamp":1582},{"beaconTypeCode":533,"dataFields":"[3]","distance":0.9907371546068897,"extraDataFields":"[]","identifiers":"[23a01af0-232a-4518-9c0e-323fb773f5ef, 61902, 48055]","MACaddress":"01:17:C5:58:DD:61","manufacturer":0,"RSSI":-76,"serviceUUID":-1,"TXpower":-75,"TimeStamp":4164},{"beaconTypeCode":533,"dataFields":"[3]","distance":1.011423245509955,"extraDataFields":"[]","identifiers":"[23a01af0-232a-4518-9c0e-323fb773f5ef, 61902, 48055]","MACaddress":"01:17:C5:58:DD:61","manufacturer":0,"RSSI":-76,"serviceUUID":-1,"TXpower":-75,"TimeStamp":4694},{"beaconTypeCode":533,"dataFields":"[3]","distance":0.9907371546068897,"extraDataFields":"[]","identifiers":"[23a01af0-232a-4518-9c0e-323fb773f5ef, 61902, 48055]","MACaddress":"01:17:C5:58:DD:61","manufacturer":0,"RSSI":-75,"serviceUUID":-1,"TXpower":-75,"TimeStamp":5202},{"beaconTypeCode":533,"dataFields":"[3]","distance":0.9840206222207937,"extraDataFields":"[]","identifiers":"[23a01af0-232a-4518-9c0e-323fb773f5ef, 61902, 48055]","MACaddress":"01:17:C5:58:DD:61","manufacturer":0,"RSSI":-75,"serviceUUID":-1,"TXpower":-75,"TimeStamp":5703},{"beaconTypeCode":533,"dataFields":"[3]","distance":0.9806953409554104,"extraDataFields":"[]","identifiers":"[23a01af0-232a-4518-9c0e-323fb773f5ef, 61902, 48055]","MACaddress":"01:17:C5:58:DD:61","manufacturer":0,"RSSI":-75,"serviceUUID":-1,"TXpower":-75,"TimeStamp":6206},{"beaconTypeCode":533,"dataFields":"[3]","distance":0.9866966453324624,"extraDataFields":"[]","identifiers":"[23a01af0-232a-4518-9c0e-323fb773f5ef, 61902, 48055]","MACaddress":"01:17:C5:58:DD:61","manufacturer":0,"RSSI":-76,"serviceUUID":-1,"TXpower":-75,"TimeStamp":6729},{"beaconTypeCode":533,"dataFields":"[3]","distance":0.9840206222207937,"extraDataFields":"[]","identifiers":"[23a01af0-232a-4518-9c0e-323fb773f5ef, 61902, 48055]","MACaddress":"01:17:C5:58:DD:61","manufacturer":0,"RSSI":-75,"serviceUUID":-1,"TXpower":-75,"TimeStamp":8243},{"beaconTypeCode":533,"dataFields":"[3]","distance":0.9878478280115754,"extraDataFields":"[]","identifiers":"[23a01af0-232a-4518-9c0e-323fb773f5ef, 61902, 48055]","MACaddress":"01:17:C5:58:DD:61","manufacturer":0,"RSSI":-77,"serviceUUID":-1,"TXpower":-75,"TimeStamp":9257},{"beaconTypeCode":533,"dataFields":"[3]","distance":0.9907371546068897,"extraDataFields":"[]","identifiers":"[23a01af0-232a-4518-9c0e-323fb773f5ef, 61902, 48055]","MACaddress":"01:17:C5:58:DD:61","manufacturer":0,"RSSI":-77,"serviceUUID":-1,"TXpower":-75,"TimeStamp":9767},{"beaconTypeCode":533,"dataFields":"[3]","distance":0.9936427848845187,"extraDataFields":"[]","identifiers":"[23a01af0-232a-4518-9c0e-323fb773f5ef, 61902, 48055]","MACaddress":"01:17:C5:58:DD:61","manufacturer":0,"RSSI":-76,"serviceUUID":-1,"TXpower":-75,"TimeStamp":11268},{"beaconTypeCode":533,"dataFields":"[3]","distance":0.9958327528670543,"extraDataFields":"[]","identifiers":"[23a01af0-232a-4518-9c0e-323fb773f5ef, 61902, 48055]","MACaddress":"01:17:C5:58:DD:61","manufacturer":0,"RSSI":-76,"serviceUUID":-1,"TXpower":-75,"TimeStamp":14885},{"beaconTypeCode":533,"dataFields":"[3]","distance":0.9975424520603007,"extraDataFields":"[]","identifiers":"[23a01af0-232a-4518-9c0e-323fb773f5ef, 61902, 48055]","MACaddress":"01:17:C5:58:DD:61","manufacturer":0,"RSSI":-76,"serviceUUID":-1,"TXpower":-75,"TimeStamp":15932},{"beaconTypeCode":533,"dataFields":"[3]","distance":0.9948096191433431,"extraDataFields":"[]","identifiers":"[23a01af0-232a-4518-9c0e-323fb773f5ef, 61902, 48055]","MACaddress":"01:17:C5:58:DD:61","manufacturer":0,"RSSI":-75,"serviceUUID":-1,"TXpower":-75,"TimeStamp":16435},{"beaconTypeCode":533,"dataFields":"[3]","distance":0.9925843008607437,"extraDataFields":"[]","identifiers":"[23a01af0-232a-4518-9c0e-323fb773f5ef, 61902, 48055]","MACaddress":"01:17:C5:58:DD:61","manufacturer":0,"RSSI":-75,"serviceUUID":-1,"TXpower":-75,"TimeStamp":16957},{"beaconTypeCode":533,"dataFields":"[3]","distance":0.9907371546068897,"extraDataFields":"[]","identifiers":"[23a01af0-232a-4518-9c0e-323fb773f5ef, 61902, 48055]","MACaddress":"01:17:C5:58:DD:61","manufacturer":0,"RSSI":-75,"serviceUUID":-1,"TXpower":-75,"TimeStamp":17462},{"beaconTypeCode":533,"dataFields":"[3]","distance":0.9891793423224465,"extraDataFields":"[]","identifiers":"[23a01af0-232a-4518-9c0e-323fb773f5ef, 61902, 48055]","MACaddress":"01:17:C5:58:DD:61","manufacturer":0,"RSSI":-75,"serviceUUID":-1,"TXpower":-75,"TimeStamp":17944},{"beaconTypeCode":533,"dataFields":"[3]","distance":0.9878478280115754,"extraDataFields":"[]","identifiers":"[23a01af0-232a-4518-9c0e-323fb773f5ef, 61902, 48055]","MACaddress":"01:17:C5:58:DD:61","manufacturer":0,"RSSI":-75,"serviceUUID":-1,"TXpower":-75,"TimeStamp":18466},{"beaconTypeCode":533,"dataFields":"[3]","distance":0.9866966453324624,"extraDataFields":"[]","identifiers":"[23a01af0-232a-4518-9c0e-323fb773f5ef, 61902, 48055]","MACaddress":"01:17:C5:58:DD:61","manufacturer":0,"RSSI":-75,"serviceUUID":-1,"TXpower":-75,"TimeStamp":18952},{"beaconTypeCode":533,"dataFields":"[3]","distance":0.9878478280115754,"extraDataFields":"[]","identifiers":"[23a01af0-232a-4518-9c0e-323fb773f5ef, 61902, 48055]","MACaddress":"01:17:C5:58:DD:61","manufacturer":0,"RSSI":-76,"serviceUUID":-1,"TXpower":-75,"TimeStamp":19479},{"beaconTypeCode":533,"dataFields":"[3]","distance":0.9866966453324624,"extraDataFields":"[]","identifiers":"[23a01af0-232a-4518-9c0e-323fb773f5ef, 61902, 48055]","MACaddress":"01:17:C5:58:DD:61","manufacturer":0,"RSSI":-75,"serviceUUID":-1,"TXpower":-75,"TimeStamp":19973},{"beaconTypeCode":533,"dataFields":"[3]","distance":0.9856914865238328,"extraDataFields":"[]","identifiers":"[23a01af0-232a-4518-9c0e-323fb773f5ef, 61902, 48055]","MACaddress":"01:17:C5:58:DD:61","manufacturer":0,"RSSI":-75,"serviceUUID":-1,"TXpower":-75,"TimeStamp":20475},{"beaconTypeCode":533,"dataFields":"[3]","distance":0.9856914865238328,"extraDataFields":"[]","identifiers":"[23a01af0-232a-4518-9c0e-323fb773f5ef, 61902, 48055]","MACaddress":"01:17:C5:58:DD:61","manufacturer":0,"RSSI":-75,"serviceUUID":-1,"TXpower":-75,"TimeStamp":20987},{"beaconTypeCode":533,"dataFields":"[3]","distance":0.9848062268300013,"extraDataFields":"[]","identifiers":"[23a01af0-232a-4518-9c0e-323fb773f5ef, 61902, 48055]","MACaddress":"01:17:C5:58:DD:61","manufacturer":0,"RSSI":-75,"serviceUUID":-1,"TXpower":-75,"TimeStamp":21492},{"beaconTypeCode":533,"dataFields":"[3]","distance":0.9862496633214797,"extraDataFields":"[]","identifiers":"[23a01af0-232a-4518-9c0e-323fb773f5ef, 61902, 48055]","MACaddress":"01:17:C5:58:DD:61","manufacturer":0,"RSSI":-76,"serviceUUID":-1,"TXpower":-75,"TimeStamp":22548},{"beaconTypeCode":533,"dataFields":"[3]","distance":0.9887129186412502,"extraDataFields":"[]","identifiers":"[23a01af0-232a-4518-9c0e-323fb773f5ef, 61902, 48055]","MACaddress":"01:17:C5:58:DD:61","manufacturer":0,"RSSI":-78,"serviceUUID":-1,"TXpower":-75,"TimeStamp":23612},{"beaconTypeCode":533,"dataFields":"[3]","distance":0.9907371546068897,"extraDataFields":"[]","identifiers":"[23a01af0-232a-4518-9c0e-323fb773f5ef, 61902, 48055]","MACaddress":"01:17:C5:58:DD:61","manufacturer":0,"RSSI":-77,"serviceUUID":-1,"TXpower":-75,"TimeStamp":24107},{"beaconTypeCode":533,"dataFields":"[3]","distance":0.9927693793709278,"extraDataFields":"[]","identifiers":"[23a01af0-232a-4518-9c0e-323fb773f5ef, 61902, 48055]","MACaddress":"01:17:C5:58:DD:61","manufacturer":0,"RSSI":-77,"serviceUUID":-1,"TXpower":-75,"TimeStamp":24617},{"beaconTypeCode":533,"dataFields":"[3]","distance":0.9991567038951703,"extraDataFields":"[]","identifiers":"[23a01af0-232a-4518-9c0e-323fb773f5ef, 61902, 48055]","MACaddress":"01:17:C5:58:DD:61","manufacturer":0,"RSSI":-77,"serviceUUID":-1,"TXpower":-75,"TimeStamp":26662},{"beaconTypeCode":533,"dataFields":"[3]","distance":0.9958327528670543,"extraDataFields":"[]","identifiers":"[23a01af0-232a-4518-9c0e-323fb773f5ef, 61902, 48055]","MACaddress":"01:17:C5:58:DD:61","manufacturer":0,"RSSI":-76,"serviceUUID":-1,"TXpower":-75,"TimeStamp":30738},{"beaconTypeCode":533,"dataFields":"[3]","distance":0.9967371900137654,"extraDataFields":"[]","identifiers":"[23a01af0-232a-4518-9c0e-323fb773f5ef, 61902, 48055]","MACaddress":"01:17:C5:58:DD:61","manufacturer":0,"RSSI":-76,"serviceUUID":-1,"TXpower":-75,"TimeStamp":31255},{"beaconTypeCode":533,"dataFields":"[3]","distance":0.9991567038951703,"extraDataFields":"[]","identifiers":"[23a01af0-232a-4518-9c0e-323fb773f5ef, 61902, 48055]","MACaddress":"01:17:C5:58:DD:61","manufacturer":0,"RSSI":-77,"serviceUUID":-1,"TXpower":-75,"TimeStamp":31776},{"beaconTypeCode":533,"dataFields":"[3]","distance":1.0021291114503263,"extraDataFields":"[]","identifiers":"[23a01af0-232a-4518-9c0e-323fb773f5ef, 61902, 48055]","MACaddress":"01:17:C5:58:DD:61","manufacturer":0,"RSSI":-77,"serviceUUID":-1,"TXpower":-75,"TimeStamp":32778},{"beaconTypeCode":533,"dataFields":"[3]","distance":1.00261424965557,"extraDataFields":"[]","identifiers":"[23a01af0-232a-4518-9c0e-323fb773f5ef, 61902, 48055]","MACaddress":"01:17:C5:58:DD:61","manufacturer":0,"RSSI":-76,"serviceUUID":-1,"TXpower":-75,"TimeStamp":33285}],[{"beaconTypeCode":533,"dataFields":"[3]","distance":1.8278941192290357,"extraDataFields":"[]","identifiers":"[23a01af0-232a-4518-9c0e-323fb773f5ef, 61902, 48053]","MACaddress":"01:17:C5:5D:16:5A","manufacturer":0,"RSSI":-88,"serviceUUID":-1,"TXpower":-75,"TimeStamp":1582},{"beaconTypeCode":533,"dataFields":"[3]","distance":1.7782905478357034,"extraDataFields":"[]","identifiers":"[23a01af0-232a-4518-9c0e-323fb773f5ef, 61902, 48053]","MACaddress":"01:17:C5:5D:16:5A","manufacturer":0,"RSSI":-87,"serviceUUID":-1,"TXpower":-75,"TimeStamp":2080},{"beaconTypeCode":533,"dataFields":"[3]","distance":1.8278941192290357,"extraDataFields":"[]","identifiers":"[23a01af0-232a-4518-9c0e-323fb773f5ef, 61902, 48053]","MACaddress":"01:17:C5:5D:16:5A","manufacturer":0,"RSSI":-88,"serviceUUID":-1,"TXpower":-75,"TimeStamp":3117},{"beaconTypeCode":533,"dataFields":"[3]","distance":1.7782905478357034,"extraDataFields":"[]","identifiers":"[23a01af0-232a-4518-9c0e-323fb773f5ef, 61902, 48053]","MACaddress":"01:17:C5:5D:16:5A","manufacturer":0,"RSSI":-87,"serviceUUID":-1,"TXpower":-75,"TimeStamp":5703},{"beaconTypeCode":533,"dataFields":"[3]","distance":1.7946385868329873,"extraDataFields":"[]","identifiers":"[23a01af0-232a-4518-9c0e-323fb773f5ef, 61902, 48053]","MACaddress":"01:17:C5:5D:16:5A","manufacturer":0,"RSSI":-89,"serviceUUID":-1,"TXpower":-75,"TimeStamp":6206},{"beaconTypeCode":533,"dataFields":"[3]","distance":1.8028822093480865,"extraDataFields":"[]","identifiers":"[23a01af0-232a-4518-9c0e-323fb773f5ef, 61902, 48053]","MACaddress":"01:17:C5:5D:16:5A","manufacturer":0,"RSSI":-88,"serviceUUID":-1,"TXpower":-75,"TimeStamp":6728},{"beaconTypeCode":533,"dataFields":"[3]","distance":1.7880771611114759,"extraDataFields":"[]","identifiers":"[23a01af0-232a-4518-9c0e-323fb773f5ef, 61902, 48053]","MACaddress":"01:17:C5:5D:16:5A","manufacturer":0,"RSSI":-84,"serviceUUID":-1,"TXpower":-75,"TimeStamp":7744},{"beaconTypeCode":533,"dataFields":"[3]","distance":1.7461452139933928,"extraDataFields":"[]","identifiers":"[23a01af0-232a-4518-9c0e-323fb773f5ef, 61902, 48053]","MACaddress":"01:17:C5:5D:16:5A","manufacturer":0,"RSSI":-85,"serviceUUID":-1,"TXpower":-75,"TimeStamp":8243},{"beaconTypeCode":533,"dataFields":"[3]","distance":1.7303444741537783,"extraDataFields":"[]","identifiers":"[23a01af0-232a-4518-9c0e-323fb773f5ef, 61902, 48053]","MACaddress":"01:17:C5:5D:16:5A","manufacturer":0,"RSSI":-86,"serviceUUID":-1,"TXpower":-75,"TimeStamp":8767},{"beaconTypeCode":533,"dataFields":"[3]","distance":1.7147227439267614,"extraDataFields":"[]","identifiers":"[23a01af0-232a-4518-9c0e-323fb773f5ef, 61902, 48053]","MACaddress":"01:17:C5:5D:16:5A","manufacturer":0,"RSSI":-82,"serviceUUID":-1,"TXpower":-75,"TimeStamp":10262},{"beaconTypeCode":533,"dataFields":"[3]","distance":1.6775191606910604,"extraDataFields":"[]","identifiers":"[23a01af0-232a-4518-9c0e-323fb773f5ef, 61902, 48053]","MACaddress":"01:17:C5:5D:16:5A","manufacturer":0,"RSSI":-83,"serviceUUID":-1,"TXpower":-75,"TimeStamp":10761},{"beaconTypeCode":533,"dataFields":"[3]","distance":1.6392405224218969,"extraDataFields":"[]","identifiers":"[23a01af0-232a-4518-9c0e-323fb773f5ef, 61902, 48053]","MACaddress":"01:17:C5:5D:16:5A","manufacturer":0,"RSSI":-82,"serviceUUID":-1,"TXpower":-75,"TimeStamp":11268},{"beaconTypeCode":533,"dataFields":"[3]","distance":1.6102425169871017,"extraDataFields":"[]","identifiers":"[23a01af0-232a-4518-9c0e-323fb773f5ef, 61902, 48053]","MACaddress":"01:17:C5:5D:16:5A","manufacturer":0,"RSSI":-83,"serviceUUID":-1,"TXpower":-75,"TimeStamp":11778},{"beaconTypeCode":533,"dataFields":"[3]","distance":1.595993076472241,"extraDataFields":"[]","identifiers":"[23a01af0-232a-4518-9c0e-323fb773f5ef, 61902, 48053]","MACaddress":"01:17:C5:5D:16:5A","manufacturer":0,"RSSI":-84,"serviceUUID":-1,"TXpower":-75,"TimeStamp":12293},{"beaconTypeCode":533,"dataFields":"[3]","distance":1.584456684368954,"extraDataFields":"[]","identifiers":"[23a01af0-232a-4518-9c0e-323fb773f5ef, 61902, 48053]","MACaddress":"01:17:C5:5D:16:5A","manufacturer":0,"RSSI":-84,"serviceUUID":-1,"TXpower":-75,"TimeStamp":14380},{"beaconTypeCode":533,"dataFields":"[3]","distance":1.5610846222602364,"extraDataFields":"[]","identifiers":"[23a01af0-232a-4518-9c0e-323fb773f5ef, 61902, 48053]","MACaddress":"01:17:C5:5D:16:5A","manufacturer":0,"RSSI":-81,"serviceUUID":-1,"TXpower":-75,"TimeStamp":15932},{"beaconTypeCode":533,"dataFields":"[3]","distance":1.5416627665396343,"extraDataFields":"[]","identifiers":"[23a01af0-232a-4518-9c0e-323fb773f5ef, 61902, 48053]","MACaddress":"01:17:C5:5D:16:5A","manufacturer":0,"RSSI":-81,"serviceUUID":-1,"TXpower":-75,"TimeStamp":16435},{"beaconTypeCode":533,"dataFields":"[3]","distance":1.5310033167322743,"extraDataFields":"[]","identifiers":"[23a01af0-232a-4518-9c0e-323fb773f5ef, 61902, 48053]","MACaddress":"01:17:C5:5D:16:5A","manufacturer":0,"RSSI":-83,"serviceUUID":-1,"TXpower":-75,"TimeStamp":18466},{"beaconTypeCode":533,"dataFields":"[3]","distance":1.5059929434672248,"extraDataFields":"[]","identifiers":"[23a01af0-232a-4518-9c0e-323fb773f5ef, 61902, 48053]","MACaddress":"01:17:C5:5D:16:5A","manufacturer":0,"RSSI":-85,"serviceUUID":-1,"TXpower":-75,"TimeStamp":20987},{"beaconTypeCode":533,"dataFields":"[3]","distance":1.4970346167309585,"extraDataFields":"[]","identifiers":"[23a01af0-232a-4518-9c0e-323fb773f5ef, 61902, 48053]","MACaddress":"01:17:C5:5D:16:5A","manufacturer":0,"RSSI":-84,"serviceUUID":-1,"TXpower":-75,"TimeStamp":21492},{"beaconTypeCode":533,"dataFields":"[3]","distance":1.4695014186032342,"extraDataFields":"[]","identifiers":"[23a01af0-232a-4518-9c0e-323fb773f5ef, 61902, 48053]","MACaddress":"01:17:C5:5D:16:5A","manufacturer":0,"RSSI":-82,"serviceUUID":-1,"TXpower":-75,"TimeStamp":22010},{"beaconTypeCode":533,"dataFields":"[3]","distance":1.4749525472530796,"extraDataFields":"[]","identifiers":"[23a01af0-232a-4518-9c0e-323fb773f5ef, 61902, 48053]","MACaddress":"01:17:C5:5D:16:5A","manufacturer":0,"RSSI":-85,"serviceUUID":-1,"TXpower":-75,"TimeStamp":22548},{"beaconTypeCode":533,"dataFields":"[3]","distance":1.4698639696351279,"extraDataFields":"[]","identifiers":"[23a01af0-232a-4518-9c0e-323fb773f5ef, 61902, 48053]","MACaddress":"01:17:C5:5D:16:5A","manufacturer":0,"RSSI":-86,"serviceUUID":-1,"TXpower":-75,"TimeStamp":23069},{"beaconTypeCode":533,"dataFields":"[3]","distance":1.4749525472530796,"extraDataFields":"[]","identifiers":"[23a01af0-232a-4518-9c0e-323fb773f5ef, 61902, 48053]","MACaddress":"01:17:C5:5D:16:5A","manufacturer":0,"RSSI":-85,"serviceUUID":-1,"TXpower":-75,"TimeStamp":23612},{"beaconTypeCode":533,"dataFields":"[3]","distance":1.4885387794998035,"extraDataFields":"[]","identifiers":"[23a01af0-232a-4518-9c0e-323fb773f5ef, 61902, 48053]","MACaddress":"01:17:C5:5D:16:5A","manufacturer":0,"RSSI":-93,"serviceUUID":-1,"TXpower":-75,"TimeStamp":24617},{"beaconTypeCode":533,"dataFields":"[3]","distance":1.4704613792581038,"extraDataFields":"[]","identifiers":"[23a01af0-232a-4518-9c0e-323fb773f5ef, 61902, 48053]","MACaddress":"01:17:C5:5D:16:5A","manufacturer":0,"RSSI":-86,"serviceUUID":-1,"TXpower":-75,"TimeStamp":26175},{"beaconTypeCode":533,"dataFields":"[3]","distance":1.464799374101291,"extraDataFields":"[]","identifiers":"[23a01af0-232a-4518-9c0e-323fb773f5ef, 61902, 48053]","MACaddress":"01:17:C5:5D:16:5A","manufacturer":0,"RSSI":-92,"serviceUUID":-1,"TXpower":-75,"TimeStamp":28196},{"beaconTypeCode":533,"dataFields":"[3]","distance":1.464799374101291,"extraDataFields":"[]","identifiers":"[23a01af0-232a-4518-9c0e-323fb773f5ef, 61902, 48053]","MACaddress":"01:17:C5:5D:16:5A","manufacturer":0,"RSSI":-86,"serviceUUID":-1,"TXpower":-75,"TimeStamp":28727},{"beaconTypeCode":533,"dataFields":"[3]","distance":1.4749525472530796,"extraDataFields":"[]","identifiers":"[23a01af0-232a-4518-9c0e-323fb773f5ef, 61902, 48053]","MACaddress":"01:17:C5:5D:16:5A","manufacturer":0,"RSSI":-89,"serviceUUID":-1,"TXpower":-75,"TimeStamp":29207},{"beaconTypeCode":533,"dataFields":"[3]","distance":1.4885387794998035,"extraDataFields":"[]","identifiers":"[23a01af0-232a-4518-9c0e-323fb773f5ef, 61902, 48053]","MACaddress":"01:17:C5:5D:16:5A","manufacturer":0,"RSSI":-87,"serviceUUID":-1,"TXpower":-75,"TimeStamp":29716},{"beaconTypeCode":533,"dataFields":"[3]","distance":1.5094962732824928,"extraDataFields":"[]","identifiers":"[23a01af0-232a-4518-9c0e-323fb773f5ef, 61902, 48053]","MACaddress":"01:17:C5:5D:16:5A","manufacturer":0,"RSSI":-89,"serviceUUID":-1,"TXpower":-75,"TimeStamp":30241},{"beaconTypeCode":533,"dataFields":"[3]","distance":1.5491046461920988,"extraDataFields":"[]","identifiers":"[23a01af0-232a-4518-9c0e-323fb773f5ef, 61902, 48053]","MACaddress":"01:17:C5:5D:16:5A","manufacturer":0,"RSSI":-86,"serviceUUID":-1,"TXpower":-75,"TimeStamp":31255},{"beaconTypeCode":533,"dataFields":"[3]","distance":1.5542239576146173,"extraDataFields":"[]","identifiers":"[23a01af0-232a-4518-9c0e-323fb773f5ef, 61902, 48053]","MACaddress":"01:17:C5:5D:16:5A","manufacturer":0,"RSSI":-83,"serviceUUID":-1,"TXpower":-75,"TimeStamp":32778}],[{"beaconTypeCode":533,"dataFields":"[3]","distance":0.8743887542376396,"extraDataFields":"[]","identifiers":"[23a01af0-232a-4518-9c0e-323fb773f5ef, 61902, 48051]","MACaddress":"01:17:C5:55:07:8B","manufacturer":0,"RSSI":-74,"serviceUUID":-1,"TXpower":-75,"TimeStamp":1582},{"beaconTypeCode":533,"dataFields":"[3]","distance":0.8170728068875468,"extraDataFields":"[]","identifiers":"[23a01af0-232a-4518-9c0e-323fb773f5ef, 61902, 48051]","MACaddress":"01:17:C5:55:07:8B","manufacturer":0,"RSSI":-73,"serviceUUID":-1,"TXpower":-75,"TimeStamp":2597},{"beaconTypeCode":533,"dataFields":"[3]","distance":0.7631606465828786,"extraDataFields":"[]","identifiers":"[23a01af0-232a-4518-9c0e-323fb773f5ef, 61902, 48051]","MACaddress":"01:17:C5:55:07:8B","manufacturer":0,"RSSI":-73,"serviceUUID":-1,"TXpower":-75,"TimeStamp":3117},{"beaconTypeCode":533,"dataFields":"[3]","distance":0.7631606465828786,"extraDataFields":"[]","identifiers":"[23a01af0-232a-4518-9c0e-323fb773f5ef, 61902, 48051]","MACaddress":"01:17:C5:55:07:8B","manufacturer":0,"RSSI":-73,"serviceUUID":-1,"TXpower":-75,"TimeStamp":3629},{"beaconTypeCode":533,"dataFields":"[3]","distance":0.7631606465828786,"extraDataFields":"[]","identifiers":"[23a01af0-232a-4518-9c0e-323fb773f5ef, 61902, 48051]","MACaddress":"01:17:C5:55:07:8B","manufacturer":0,"RSSI":-73,"serviceUUID":-1,"TXpower":-75,"TimeStamp":4164},{"beaconTypeCode":533,"dataFields":"[3]","distance":0.7897027608649387,"extraDataFields":"[]","identifiers":"[23a01af0-232a-4518-9c0e-323fb773f5ef, 61902, 48051]","MACaddress":"01:17:C5:55:07:8B","manufacturer":0,"RSSI":-74,"serviceUUID":-1,"TXpower":-75,"TimeStamp":4693},{"beaconTypeCode":533,"dataFields":"[3]","distance":0.7843288259649281,"extraDataFields":"[]","identifiers":"[23a01af0-232a-4518-9c0e-323fb773f5ef, 61902, 48051]","MACaddress":"01:17:C5:55:07:8B","manufacturer":0,"RSSI":-73,"serviceUUID":-1,"TXpower":-75,"TimeStamp":5202},{"beaconTypeCode":533,"dataFields":"[3]","distance":0.7631606465828786,"extraDataFields":"[]","identifiers":"[23a01af0-232a-4518-9c0e-323fb773f5ef, 61902, 48051]","MACaddress":"01:17:C5:55:07:8B","manufacturer":0,"RSSI":-72,"serviceUUID":-1,"TXpower":-75,"TimeStamp":6206},{"beaconTypeCode":533,"dataFields":"[3]","distance":0.7459148132237728,"extraDataFields":"[]","identifiers":"[23a01af0-232a-4518-9c0e-323fb773f5ef, 61902, 48051]","MACaddress":"01:17:C5:55:07:8B","manufacturer":0,"RSSI":-70,"serviceUUID":-1,"TXpower":-75,"TimeStamp":6728},{"beaconTypeCode":533,"dataFields":"[3]","distance":0.7338119659172911,"extraDataFields":"[]","identifiers":"[23a01af0-232a-4518-9c0e-323fb773f5ef, 61902, 48051]","MACaddress":"01:17:C5:55:07:8B","manufacturer":0,"RSSI":-70,"serviceUUID":-1,"TXpower":-75,"TimeStamp":7243},{"beaconTypeCode":533,"dataFields":"[3]","distance":0.7002822741531144,"extraDataFields":"[]","identifiers":"[23a01af0-232a-4518-9c0e-323fb773f5ef, 61902, 48051]","MACaddress":"01:17:C5:55:07:8B","manufacturer":0,"RSSI":-70,"serviceUUID":-1,"TXpower":-75,"TimeStamp":7744},{"beaconTypeCode":533,"dataFields":"[3]","distance":0.6856395135487476,"extraDataFields":"[]","identifiers":"[23a01af0-232a-4518-9c0e-323fb773f5ef, 61902, 48051]","MACaddress":"01:17:C5:55:07:8B","manufacturer":0,"RSSI":-71,"serviceUUID":-1,"TXpower":-75,"TimeStamp":9256},{"beaconTypeCode":533,"dataFields":"[3]","distance":0.6741243480342589,"extraDataFields":"[]","identifiers":"[23a01af0-232a-4518-9c0e-323fb773f5ef, 61902, 48051]","MACaddress":"01:17:C5:55:07:8B","manufacturer":0,"RSSI":-71,"serviceUUID":-1,"TXpower":-75,"TimeStamp":9767},{"beaconTypeCode":533,"dataFields":"[3]","distance":0.6648326359915008,"extraDataFields":"[]","identifiers":"[23a01af0-232a-4518-9c0e-323fb773f5ef, 61902, 48051]","MACaddress":"01:17:C5:55:07:8B","manufacturer":0,"RSSI":-71,"serviceUUID":-1,"TXpower":-75,"TimeStamp":10761},{"beaconTypeCode":533,"dataFields":"[3]","distance":0.65717776756964,"extraDataFields":"[]","identifiers":"[23a01af0-232a-4518-9c0e-323fb773f5ef, 61902, 48051]","MACaddress":"01:17:C5:55:07:8B","manufacturer":0,"RSSI":-71,"serviceUUID":-1,"TXpower":-75,"TimeStamp":11268},{"beaconTypeCode":533,"dataFields":"[3]","distance":0.6438286230909276,"extraDataFields":"[]","identifiers":"[23a01af0-232a-4518-9c0e-323fb773f5ef, 61902, 48051]","MACaddress":"01:17:C5:55:07:8B","manufacturer":0,"RSSI":-70,"serviceUUID":-1,"TXpower":-75,"TimeStamp":11778},{"beaconTypeCode":533,"dataFields":"[3]","distance":0.6389165492416509,"extraDataFields":"[]","identifiers":"[23a01af0-232a-4518-9c0e-323fb773f5ef, 61902, 48051]","MACaddress":"01:17:C5:55:07:8B","manufacturer":0,"RSSI":-71,"serviceUUID":-1,"TXpower":-75,"TimeStamp":13355},{"beaconTypeCode":533,"dataFields":"[3]","distance":0.6288073206391314,"extraDataFields":"[]","identifiers":"[23a01af0-232a-4518-9c0e-323fb773f5ef, 61902, 48051]","MACaddress":"01:17:C5:55:07:8B","manufacturer":0,"RSSI":-70,"serviceUUID":-1,"TXpower":-75,"TimeStamp":13869},{"beaconTypeCode":533,"dataFields":"[3]","distance":0.6200800859712435,"extraDataFields":"[]","identifiers":"[23a01af0-232a-4518-9c0e-323fb773f5ef, 61902, 48051]","MACaddress":"01:17:C5:55:07:8B","manufacturer":0,"RSSI":-69,"serviceUUID":-1,"TXpower":-75,"TimeStamp":14380},{"beaconTypeCode":533,"dataFields":"[3]","distance":0.6114620159904673,"extraDataFields":"[]","identifiers":"[23a01af0-232a-4518-9c0e-323fb773f5ef, 61902, 48051]","MACaddress":"01:17:C5:55:07:8B","manufacturer":0,"RSSI":-69,"serviceUUID":-1,"TXpower":-75,"TimeStamp":15410},{"beaconTypeCode":533,"dataFields":"[3]","distance":0.5925866392874746,"extraDataFields":"[]","identifiers":"[23a01af0-232a-4518-9c0e-323fb773f5ef, 61902, 48051]","MACaddress":"01:17:C5:55:07:8B","manufacturer":0,"RSSI":-69,"serviceUUID":-1,"TXpower":-75,"TimeStamp":15932},{"beaconTypeCode":533,"dataFields":"[3]","distance":0.5871675031923578,"extraDataFields":"[]","identifiers":"[23a01af0-232a-4518-9c0e-323fb773f5ef, 61902, 48051]","MACaddress":"01:17:C5:55:07:8B","manufacturer":0,"RSSI":-70,"serviceUUID":-1,"TXpower":-75,"TimeStamp":16957},{"beaconTypeCode":533,"dataFields":"[3]","distance":0.5823566532299399,"extraDataFields":"[]","identifiers":"[23a01af0-232a-4518-9c0e-323fb773f5ef, 61902, 48051]","MACaddress":"01:17:C5:55:07:8B","manufacturer":0,"RSSI":-70,"serviceUUID":-1,"TXpower":-75,"TimeStamp":17462},{"beaconTypeCode":533,"dataFields":"[3]","distance":0.5780572510531485,"extraDataFields":"[]","identifiers":"[23a01af0-232a-4518-9c0e-323fb773f5ef, 61902, 48051]","MACaddress":"01:17:C5:55:07:8B","manufacturer":0,"RSSI":-70,"serviceUUID":-1,"TXpower":-75,"TimeStamp":17944},{"beaconTypeCode":533,"dataFields":"[3]","distance":0.5780572510531485,"extraDataFields":"[]","identifiers":"[23a01af0-232a-4518-9c0e-323fb773f5ef, 61902, 48051]","MACaddress":"01:17:C5:55:07:8B","manufacturer":0,"RSSI":-71,"serviceUUID":-1,"TXpower":-75,"TimeStamp":18466},{"beaconTypeCode":533,"dataFields":"[3]","distance":0.5780572510531485,"extraDataFields":"[]","identifiers":"[23a01af0-232a-4518-9c0e-323fb773f5ef, 61902, 48051]","MACaddress":"01:17:C5:55:07:8B","manufacturer":0,"RSSI":-71,"serviceUUID":-1,"TXpower":-75,"TimeStamp":18952},{"beaconTypeCode":533,"dataFields":"[3]","distance":0.5745271413305324,"extraDataFields":"[]","identifiers":"[23a01af0-232a-4518-9c0e-323fb773f5ef, 61902, 48051]","MACaddress":"01:17:C5:55:07:8B","manufacturer":0,"RSSI":-70,"serviceUUID":-1,"TXpower":-75,"TimeStamp":19479},{"beaconTypeCode":533,"dataFields":"[3]","distance":0.5670504634798109,"extraDataFields":"[]","identifiers":"[23a01af0-232a-4518-9c0e-323fb773f5ef, 61902, 48051]","MACaddress":"01:17:C5:55:07:8B","manufacturer":0,"RSSI":-69,"serviceUUID":-1,"TXpower":-75,"TimeStamp":19973},{"beaconTypeCode":533,"dataFields":"[3]","distance":0.5562326585862741,"extraDataFields":"[]","identifiers":"[23a01af0-232a-4518-9c0e-323fb773f5ef, 61902, 48051]","MACaddress":"01:17:C5:55:07:8B","manufacturer":0,"RSSI":-70,"serviceUUID":-1,"TXpower":-75,"TimeStamp":22010},{"beaconTypeCode":533,"dataFields":"[3]","distance":0.5491243503942177,"extraDataFields":"[]","identifiers":"[23a01af0-232a-4518-9c0e-323fb773f5ef, 61902, 48051]","MACaddress":"01:17:C5:55:07:8B","manufacturer":0,"RSSI":-71,"serviceUUID":-1,"TXpower":-75,"TimeStamp":22548},{"beaconTypeCode":533,"dataFields":"[3]","distance":0.5386151140948994,"extraDataFields":"[]","identifiers":"[23a01af0-232a-4518-9c0e-323fb773f5ef, 61902, 48051]","MACaddress":"01:17:C5:55:07:8B","manufacturer":0,"RSSI":-70,"serviceUUID":-1,"TXpower":-75,"TimeStamp":23612},{"beaconTypeCode":533,"dataFields":"[3]","distance":0.5181379416105594,"extraDataFields":"[]","identifiers":"[23a01af0-232a-4518-9c0e-323fb773f5ef, 61902, 48051]","MACaddress":"01:17:C5:55:07:8B","manufacturer":0,"RSSI":-69,"serviceUUID":-1,"TXpower":-75,"TimeStamp":24617},{"beaconTypeCode":533,"dataFields":"[3]","distance":0.5181379416105594,"extraDataFields":"[]","identifiers":"[23a01af0-232a-4518-9c0e-323fb773f5ef, 61902, 48051]","MACaddress":"01:17:C5:55:07:8B","manufacturer":0,"RSSI":-71,"serviceUUID":-1,"TXpower":-75,"TimeStamp":25669},{"beaconTypeCode":533,"dataFields":"[3]","distance":0.511943327794153,"extraDataFields":"[]","identifiers":"[23a01af0-232a-4518-9c0e-323fb773f5ef, 61902, 48051]","MACaddress":"01:17:C5:55:07:8B","manufacturer":0,"RSSI":-70,"serviceUUID":-1,"TXpower":-75,"TimeStamp":26174},{"beaconTypeCode":533,"dataFields":"[3]","distance":0.5169037136856939,"extraDataFields":"[]","identifiers":"[23a01af0-232a-4518-9c0e-323fb773f5ef, 61902, 48051]","MACaddress":"01:17:C5:55:07:8B","manufacturer":0,"RSSI":-71,"serviceUUID":-1,"TXpower":-75,"TimeStamp":27696},{"beaconTypeCode":533,"dataFields":"[3]","distance":0.5198172075102041,"extraDataFields":"[]","identifiers":"[23a01af0-232a-4518-9c0e-323fb773f5ef, 61902, 48051]","MACaddress":"01:17:C5:55:07:8B","manufacturer":0,"RSSI":-71,"serviceUUID":-1,"TXpower":-75,"TimeStamp":28727},{"beaconTypeCode":533,"dataFields":"[3]","distance":0.5198172075102041,"extraDataFields":"[]","identifiers":"[23a01af0-232a-4518-9c0e-323fb773f5ef, 61902, 48051]","MACaddress":"01:17:C5:55:07:8B","manufacturer":0,"RSSI":-71,"serviceUUID":-1,"TXpower":-75,"TimeStamp":29207},{"beaconTypeCode":533,"dataFields":"[3]","distance":0.5198172075102041,"extraDataFields":"[]","identifiers":"[23a01af0-232a-4518-9c0e-323fb773f5ef, 61902, 48051]","MACaddress":"01:17:C5:55:07:8B","manufacturer":0,"RSSI":-72,"serviceUUID":-1,"TXpower":-75,"TimeStamp":30241},{"beaconTypeCode":533,"dataFields":"[3]","distance":0.5189369821534381,"extraDataFields":"[]","identifiers":"[23a01af0-232a-4518-9c0e-323fb773f5ef, 61902, 48051]","MACaddress":"01:17:C5:55:07:8B","manufacturer":0,"RSSI":-70,"serviceUUID":-1,"TXpower":-75,"TimeStamp":30738},{"beaconTypeCode":533,"dataFields":"[3]","distance":0.5124648939741534,"extraDataFields":"[]","identifiers":"[23a01af0-232a-4518-9c0e-323fb773f5ef, 61902, 48051]","MACaddress":"01:17:C5:55:07:8B","manufacturer":0,"RSSI":-70,"serviceUUID":-1,"TXpower":-75,"TimeStamp":31255},{"beaconTypeCode":533,"dataFields":"[3]","distance":0.5124648939741534,"extraDataFields":"[]","identifiers":"[23a01af0-232a-4518-9c0e-323fb773f5ef, 61902, 48051]","MACaddress":"01:17:C5:55:07:8B","manufacturer":0,"RSSI":-70,"serviceUUID":-1,"TXpower":-75,"TimeStamp":31776},{"beaconTypeCode":533,"dataFields":"[3]","distance":0.511943327794153,"extraDataFields":"[]","identifiers":"[23a01af0-232a-4518-9c0e-323fb773f5ef, 61902, 48051]","MACaddress":"01:17:C5:55:07:8B","manufacturer":0,"RSSI":-70,"serviceUUID":-1,"TXpower":-75,"TimeStamp":32778},{"beaconTypeCode":533,"dataFields":"[3]","distance":0.5147940490293396,"extraDataFields":"[]","identifiers":"[23a01af0-232a-4518-9c0e-323fb773f5ef, 61902, 48051]","MACaddress":"01:17:C5:55:07:8B","manufacturer":0,"RSSI":-71,"serviceUUID":-1,"TXpower":-75,"TimeStamp":33285}],[{"beaconTypeCode":533,"dataFields":"[3]","distance":1.4749525472530796,"extraDataFields":"[]","identifiers":"[23a01af0-232a-4518-9c0e-323fb773f5ef, 61902, 48052]","MACaddress":"01:17:C5:51:5B:C0","manufacturer":0,"RSSI":-83,"serviceUUID":-1,"TXpower":-75,"TimeStamp":1582},{"beaconTypeCode":533,"dataFields":"[3]","distance":1.5542239576146173,"extraDataFields":"[]","identifiers":"[23a01af0-232a-4518-9c0e-323fb773f5ef, 61902, 48052]","MACaddress":"01:17:C5:51:5B:C0","manufacturer":0,"RSSI":-85,"serviceUUID":-1,"TXpower":-75,"TimeStamp":2080},{"beaconTypeCode":533,"dataFields":"[3]","distance":1.5542239576146173,"extraDataFields":"[]","identifiers":"[23a01af0-232a-4518-9c0e-323fb773f5ef, 61902, 48052]","MACaddress":"01:17:C5:51:5B:C0","manufacturer":0,"RSSI":-85,"serviceUUID":-1,"TXpower":-75,"TimeStamp":2597},{"beaconTypeCode":533,"dataFields":"[3]","distance":1.5542239576146173,"extraDataFields":"[]","identifiers":"[23a01af0-232a-4518-9c0e-323fb773f5ef, 61902, 48052]","MACaddress":"01:17:C5:51:5B:C0","manufacturer":0,"RSSI":-88,"serviceUUID":-1,"TXpower":-75,"TimeStamp":3117},{"beaconTypeCode":533,"dataFields":"[3]","distance":1.6174293276207905,"extraDataFields":"[]","identifiers":"[23a01af0-232a-4518-9c0e-323fb773f5ef, 61902, 48052]","MACaddress":"01:17:C5:51:5B:C0","manufacturer":0,"RSSI":-93,"serviceUUID":-1,"TXpower":-75,"TimeStamp":3629},{"beaconTypeCode":533,"dataFields":"[3]","distance":1.749326992761461,"extraDataFields":"[]","identifiers":"[23a01af0-232a-4518-9c0e-323fb773f5ef, 61902, 48052]","MACaddress":"01:17:C5:51:5B:C0","manufacturer":0,"RSSI":-94,"serviceUUID":-1,"TXpower":-75,"TimeStamp":4164},{"beaconTypeCode":533,"dataFields":"[3]","distance":1.8111725255780344,"extraDataFields":"[]","identifiers":"[23a01af0-232a-4518-9c0e-323fb773f5ef, 61902, 48052]","MACaddress":"01:17:C5:51:5B:C0","manufacturer":0,"RSSI":-91,"serviceUUID":-1,"TXpower":-75,"TimeStamp":4694},{"beaconTypeCode":533,"dataFields":"[3]","distance":1.8866743467014266,"extraDataFields":"[]","identifiers":"[23a01af0-232a-4518-9c0e-323fb773f5ef, 61902, 48052]","MACaddress":"01:17:C5:51:5B:C0","manufacturer":0,"RSSI":-93,"serviceUUID":-1,"TXpower":-75,"TimeStamp":5202},{"beaconTypeCode":533,"dataFields":"[3]","distance":1.9503498354399933,"extraDataFields":"[]","identifiers":"[23a01af0-232a-4518-9c0e-323fb773f5ef, 61902, 48052]","MACaddress":"01:17:C5:51:5B:C0","manufacturer":0,"RSSI":-94,"serviceUUID":-1,"TXpower":-75,"TimeStamp":6206},{"beaconTypeCode":533,"dataFields":"[3]","distance":1.8866743467014266,"extraDataFields":"[]","identifiers":"[23a01af0-232a-4518-9c0e-323fb773f5ef, 61902, 48052]","MACaddress":"01:17:C5:51:5B:C0","manufacturer":0,"RSSI":-79,"serviceUUID":-1,"TXpower":-75,"TimeStamp":6729},{"beaconTypeCode":533,"dataFields":"[3]","distance":1.8153352624930865,"extraDataFields":"[]","identifiers":"[23a01af0-232a-4518-9c0e-323fb773f5ef, 61902, 48052]","MACaddress":"01:17:C5:51:5B:C0","manufacturer":0,"RSSI":-76,"serviceUUID":-1,"TXpower":-75,"TimeStamp":7243},{"beaconTypeCode":533,"dataFields":"[3]","distance":1.7408583058914116,"extraDataFields":"[]","identifiers":"[23a01af0-232a-4518-9c0e-323fb773f5ef, 61902, 48052]","MACaddress":"01:17:C5:51:5B:C0","manufacturer":0,"RSSI":-81,"serviceUUID":-1,"TXpower":-75,"TimeStamp":7744},{"beaconTypeCode":533,"dataFields":"[3]","distance":1.665916545107815,"extraDataFields":"[]","identifiers":"[23a01af0-232a-4518-9c0e-323fb773f5ef, 61902, 48052]","MACaddress":"01:17:C5:51:5B:C0","manufacturer":0,"RSSI":-79,"serviceUUID":-1,"TXpower":-75,"TimeStamp":8243},{"beaconTypeCode":533,"dataFields":"[3]","distance":1.6076394211240703,"extraDataFields":"[]","identifiers":"[23a01af0-232a-4518-9c0e-323fb773f5ef, 61902, 48052]","MACaddress":"01:17:C5:51:5B:C0","manufacturer":0,"RSSI":-79,"serviceUUID":-1,"TXpower":-75,"TimeStamp":8767},{"beaconTypeCode":533,"dataFields":"[3]","distance":1.5610846222602364,"extraDataFields":"[]","identifiers":"[23a01af0-232a-4518-9c0e-323fb773f5ef, 61902, 48052]","MACaddress":"01:17:C5:51:5B:C0","manufacturer":0,"RSSI":-76,"serviceUUID":-1,"TXpower":-75,"TimeStamp":9257},{"beaconTypeCode":533,"dataFields":"[3]","distance":1.510846630920783,"extraDataFields":"[]","identifiers":"[23a01af0-232a-4518-9c0e-323fb773f5ef, 61902, 48052]","MACaddress":"01:17:C5:51:5B:C0","manufacturer":0,"RSSI":-77,"serviceUUID":-1,"TXpower":-75,"TimeStamp":9767},{"beaconTypeCode":533,"dataFields":"[3]","distance":1.4695014186032342,"extraDataFields":"[]","identifiers":"[23a01af0-232a-4518-9c0e-323fb773f5ef, 61902, 48052]","MACaddress":"01:17:C5:51:5B:C0","manufacturer":0,"RSSI":-77,"serviceUUID":-1,"TXpower":-75,"TimeStamp":10761},{"beaconTypeCode":533,"dataFields":"[3]","distance":1.4597586665547975,"extraDataFields":"[]","identifiers":"[23a01af0-232a-4518-9c0e-323fb773f5ef, 61902, 48052]","MACaddress":"01:17:C5:51:5B:C0","manufacturer":0,"RSSI":-82,"serviceUUID":-1,"TXpower":-75,"TimeStamp":12293},{"beaconTypeCode":533,"dataFields":"[3]","distance":1.4216659814382289,"extraDataFields":"[]","identifiers":"[23a01af0-232a-4518-9c0e-323fb773f5ef, 61902, 48052]","MACaddress":"01:17:C5:51:5B:C0","manufacturer":0,"RSSI":-79,"serviceUUID":-1,"TXpower":-75,"TimeStamp":12816},{"beaconTypeCode":533,"dataFields":"[3]","distance":1.405860872759903,"extraDataFields":"[]","identifiers":"[23a01af0-232a-4518-9c0e-323fb773f5ef, 61902, 48052]","MACaddress":"01:17:C5:51:5B:C0","manufacturer":0,"RSSI":-80,"serviceUUID":-1,"TXpower":-75,"TimeStamp":14380},{"beaconTypeCode":533,"dataFields":"[3]","distance":1.4100456817631137,"extraDataFields":"[]","identifiers":"[23a01af0-232a-4518-9c0e-323fb773f5ef, 61902, 48052]","MACaddress":"01:17:C5:51:5B:C0","manufacturer":0,"RSSI":-84,"serviceUUID":-1,"TXpower":-75,"TimeStamp":15932},{"beaconTypeCode":533,"dataFields":"[3]","distance":1.4010995881362711,"extraDataFields":"[]","identifiers":"[23a01af0-232a-4518-9c0e-323fb773f5ef, 61902, 48052]","MACaddress":"01:17:C5:51:5B:C0","manufacturer":0,"RSSI":-81,"serviceUUID":-1,"TXpower":-75,"TimeStamp":16435},{"beaconTypeCode":533,"dataFields":"[3]","distance":1.3892954541790055,"extraDataFields":"[]","identifiers":"[23a01af0-232a-4518-9c0e-323fb773f5ef, 61902, 48052]","MACaddress":"01:17:C5:51:5B:C0","manufacturer":0,"RSSI":-80,"serviceUUID":-1,"TXpower":-75,"TimeStamp":16957},{"beaconTypeCode":533,"dataFields":"[3]","distance":1.3788529268494467,"extraDataFields":"[]","identifiers":"[23a01af0-232a-4518-9c0e-323fb773f5ef, 61902, 48052]","MACaddress":"01:17:C5:51:5B:C0","manufacturer":0,"RSSI":-80,"serviceUUID":-1,"TXpower":-75,"TimeStamp":17462},{"beaconTypeCode":533,"dataFields":"[3]","distance":1.3592583912547211,"extraDataFields":"[]","identifiers":"[23a01af0-232a-4518-9c0e-323fb773f5ef, 61902, 48052]","MACaddress":"01:17:C5:51:5B:C0","manufacturer":0,"RSSI":-76,"serviceUUID":-1,"TXpower":-75,"TimeStamp":18466},{"beaconTypeCode":533,"dataFields":"[3]","distance":1.3386888508831785,"extraDataFields":"[]","identifiers":"[23a01af0-232a-4518-9c0e-323fb773f5ef, 61902, 48052]","MACaddress":"01:17:C5:51:5B:C0","manufacturer":0,"RSSI":-75,"serviceUUID":-1,"TXpower":-75,"TimeStamp":19479},{"beaconTypeCode":533,"dataFields":"[3]","distance":1.3203792702020871,"extraDataFields":"[]","identifiers":"[23a01af0-232a-4518-9c0e-323fb773f5ef, 61902, 48052]","MACaddress":"01:17:C5:51:5B:C0","manufacturer":0,"RSSI":-74,"serviceUUID":-1,"TXpower":-75,"TimeStamp":19973},{"beaconTypeCode":533,"dataFields":"[3]","distance":1.3095837429491277,"extraDataFields":"[]","identifiers":"[23a01af0-232a-4518-9c0e-323fb773f5ef, 61902, 48052]","MACaddress":"01:17:C5:51:5B:C0","manufacturer":0,"RSSI":-78,"serviceUUID":-1,"TXpower":-75,"TimeStamp":20988},{"beaconTypeCode":533,"dataFields":"[3]","distance":1.2684166754739192,"extraDataFields":"[]","identifiers":"[23a01af0-232a-4518-9c0e-323fb773f5ef, 61902, 48052]","MACaddress":"01:17:C5:51:5B:C0","manufacturer":0,"RSSI":-73,"serviceUUID":-1,"TXpower":-75,"TimeStamp":22011},{"beaconTypeCode":533,"dataFields":"[3]","distance":1.122695618441338,"extraDataFields":"[]","identifiers":"[23a01af0-232a-4518-9c0e-323fb773f5ef, 61902, 48052]","MACaddress":"01:17:C5:51:5B:C0","manufacturer":0,"RSSI":-78,"serviceUUID":-1,"TXpower":-75,"TimeStamp":30739},{"beaconTypeCode":533,"dataFields":"[3]","distance":1.1126207362130116,"extraDataFields":"[]","identifiers":"[23a01af0-232a-4518-9c0e-323fb773f5ef, 61902, 48052]","MACaddress":"01:17:C5:51:5B:C0","manufacturer":0,"RSSI":-75,"serviceUUID":-1,"TXpower":-75,"TimeStamp":31255},{"beaconTypeCode":533,"dataFields":"[3]","distance":1.0938075954297317,"extraDataFields":"[]","identifiers":"[23a01af0-232a-4518-9c0e-323fb773f5ef, 61902, 48052]","MACaddress":"01:17:C5:51:5B:C0","manufacturer":0,"RSSI":-71,"serviceUUID":-1,"TXpower":-75,"TimeStamp":31776},{"beaconTypeCode":533,"dataFields":"[3]","distance":1.0507566295185993,"extraDataFields":"[]","identifiers":"[23a01af0-232a-4518-9c0e-323fb773f5ef, 61902, 48052]","MACaddress":"01:17:C5:51:5B:C0","manufacturer":0,"RSSI":-69,"serviceUUID":-1,"TXpower":-75,"TimeStamp":32778}],[{"beaconTypeCode":533,"dataFields":"[3]","distance":1.8278941192290357,"extraDataFields":"[]","identifiers":"[23a01af0-232a-4518-9c0e-323fb773f5ef, 61902, 48054]","MACaddress":"01:17:C5:5A:A6:AB","manufacturer":0,"RSSI":-88,"serviceUUID":-1,"TXpower":-75,"TimeStamp":2597},{"beaconTypeCode":533,"dataFields":"[3]","distance":1.7303444741537783,"extraDataFields":"[]","identifiers":"[23a01af0-232a-4518-9c0e-323fb773f5ef, 61902, 48054]","MACaddress":"01:17:C5:5A:A6:AB","manufacturer":0,"RSSI":-86,"serviceUUID":-1,"TXpower":-75,"TimeStamp":4164},{"beaconTypeCode":533,"dataFields":"[3]","distance":1.6392405224218969,"extraDataFields":"[]","identifiers":"[23a01af0-232a-4518-9c0e-323fb773f5ef, 61902, 48054]","MACaddress":"01:17:C5:5A:A6:AB","manufacturer":0,"RSSI":-86,"serviceUUID":-1,"TXpower":-75,"TimeStamp":4694},{"beaconTypeCode":533,"dataFields":"[3]","distance":1.6392405224218969,"extraDataFields":"[]","identifiers":"[23a01af0-232a-4518-9c0e-323fb773f5ef, 61902, 48054]","MACaddress":"01:17:C5:5A:A6:AB","manufacturer":0,"RSSI":-84,"serviceUUID":-1,"TXpower":-75,"TimeStamp":5203},{"beaconTypeCode":533,"dataFields":"[3]","distance":1.5819078863965654,"extraDataFields":"[]","identifiers":"[23a01af0-232a-4518-9c0e-323fb773f5ef, 61902, 48054]","MACaddress":"01:17:C5:5A:A6:AB","manufacturer":0,"RSSI":-84,"serviceUUID":-1,"TXpower":-75,"TimeStamp":5703},{"beaconTypeCode":533,"dataFields":"[3]","distance":1.5542239576146173,"extraDataFields":"[]","identifiers":"[23a01af0-232a-4518-9c0e-323fb773f5ef, 61902, 48054]","MACaddress":"01:17:C5:5A:A6:AB","manufacturer":0,"RSSI":-82,"serviceUUID":-1,"TXpower":-75,"TimeStamp":6206},{"beaconTypeCode":533,"dataFields":"[3]","distance":1.521844612390867,"extraDataFields":"[]","identifiers":"[23a01af0-232a-4518-9c0e-323fb773f5ef, 61902, 48054]","MACaddress":"01:17:C5:5A:A6:AB","manufacturer":0,"RSSI":-83,"serviceUUID":-1,"TXpower":-75,"TimeStamp":7744},{"beaconTypeCode":533,"dataFields":"[3]","distance":1.4877795330943595,"extraDataFields":"[]","identifiers":"[23a01af0-232a-4518-9c0e-323fb773f5ef, 61902, 48054]","MACaddress":"01:17:C5:5A:A6:AB","manufacturer":0,"RSSI":-82,"serviceUUID":-1,"TXpower":-75,"TimeStamp":9767},{"beaconTypeCode":533,"dataFields":"[3]","distance":1.464077812684374,"extraDataFields":"[]","identifiers":"[23a01af0-232a-4518-9c0e-323fb773f5ef, 61902, 48054]","MACaddress":"01:17:C5:5A:A6:AB","manufacturer":0,"RSSI":-82,"serviceUUID":-1,"TXpower":-75,"TimeStamp":10262},{"beaconTypeCode":533,"dataFields":"[3]","distance":1.4216659814382289,"extraDataFields":"[]","identifiers":"[23a01af0-232a-4518-9c0e-323fb773f5ef, 61902, 48054]","MACaddress":"01:17:C5:5A:A6:AB","manufacturer":0,"RSSI":-81,"serviceUUID":-1,"TXpower":-75,"TimeStamp":11778},{"beaconTypeCode":533,"dataFields":"[3]","distance":1.4100456817631137,"extraDataFields":"[]","identifiers":"[23a01af0-232a-4518-9c0e-323fb773f5ef, 61902, 48054]","MACaddress":"01:17:C5:5A:A6:AB","manufacturer":0,"RSSI":-81,"serviceUUID":-1,"TXpower":-75,"TimeStamp":12293},{"beaconTypeCode":533,"dataFields":"[3]","distance":1.4090477133802626,"extraDataFields":"[]","identifiers":"[23a01af0-232a-4518-9c0e-323fb773f5ef, 61902, 48054]","MACaddress":"01:17:C5:5A:A6:AB","manufacturer":0,"RSSI":-83,"serviceUUID":-1,"TXpower":-75,"TimeStamp":12816},{"beaconTypeCode":533,"dataFields":"[3]","distance":1.4082500525249761,"extraDataFields":"[]","identifiers":"[23a01af0-232a-4518-9c0e-323fb773f5ef, 61902, 48054]","MACaddress":"01:17:C5:5A:A6:AB","manufacturer":0,"RSSI":-83,"serviceUUID":-1,"TXpower":-75,"TimeStamp":14886},{"beaconTypeCode":533,"dataFields":"[3]","distance":1.3834461312442574,"extraDataFields":"[]","identifiers":"[23a01af0-232a-4518-9c0e-323fb773f5ef, 61902, 48054]","MACaddress":"01:17:C5:5A:A6:AB","manufacturer":0,"RSSI":-81,"serviceUUID":-1,"TXpower":-75,"TimeStamp":16435},{"beaconTypeCode":533,"dataFields":"[3]","distance":1.3740709366140997,"extraDataFields":"[]","identifiers":"[23a01af0-232a-4518-9c0e-323fb773f5ef, 61902, 48054]","MACaddress":"01:17:C5:5A:A6:AB","manufacturer":0,"RSSI":-81,"serviceUUID":-1,"TXpower":-75,"TimeStamp":17944},{"beaconTypeCode":533,"dataFields":"[3]","distance":1.37300525669855,"extraDataFields":"[]","identifiers":"[23a01af0-232a-4518-9c0e-323fb773f5ef, 61902, 48054]","MACaddress":"01:17:C5:5A:A6:AB","manufacturer":0,"RSSI":-83,"serviceUUID":-1,"TXpower":-75,"TimeStamp":18952},{"beaconTypeCode":533,"dataFields":"[3]","distance":1.377631738262307,"extraDataFields":"[]","identifiers":"[23a01af0-232a-4518-9c0e-323fb773f5ef, 61902, 48054]","MACaddress":"01:17:C5:5A:A6:AB","manufacturer":0,"RSSI":-84,"serviceUUID":-1,"TXpower":-75,"TimeStamp":21492},{"beaconTypeCode":533,"dataFields":"[3]","distance":1.3790820713353054,"extraDataFields":"[]","identifiers":"[23a01af0-232a-4518-9c0e-323fb773f5ef, 61902, 48054]","MACaddress":"01:17:C5:5A:A6:AB","manufacturer":0,"RSSI":-83,"serviceUUID":-1,"TXpower":-75,"TimeStamp":22010},{"beaconTypeCode":533,"dataFields":"[3]","distance":1.3790820713353054,"extraDataFields":"[]","identifiers":"[23a01af0-232a-4518-9c0e-323fb773f5ef, 61902, 48054]","MACaddress":"01:17:C5:5A:A6:AB","manufacturer":0,"RSSI":-88,"serviceUUID":-1,"TXpower":-75,"TimeStamp":23069},{"beaconTypeCode":533,"dataFields":"[3]","distance":1.3803635831054377,"extraDataFields":"[]","identifiers":"[23a01af0-232a-4518-9c0e-323fb773f5ef, 61902, 48054]","MACaddress":"01:17:C5:5A:A6:AB","manufacturer":0,"RSSI":-83,"serviceUUID":-1,"TXpower":-75,"TimeStamp":23612},{"beaconTypeCode":533,"dataFields":"[3]","distance":1.3747375861979139,"extraDataFields":"[]","identifiers":"[23a01af0-232a-4518-9c0e-323fb773f5ef, 61902, 48054]","MACaddress":"01:17:C5:5A:A6:AB","manufacturer":0,"RSSI":-85,"serviceUUID":-1,"TXpower":-75,"TimeStamp":24618},{"beaconTypeCode":533,"dataFields":"[3]","distance":1.3684009305161338,"extraDataFields":"[]","identifiers":"[23a01af0-232a-4518-9c0e-323fb773f5ef, 61902, 48054]","MACaddress":"01:17:C5:5A:A6:AB","manufacturer":0,"RSSI":-87,"serviceUUID":-1,"TXpower":-75,"TimeStamp":26180},{"beaconTypeCode":533,"dataFields":"[3]","distance":1.3822804638197375,"extraDataFields":"[]","identifiers":"[23a01af0-232a-4518-9c0e-323fb773f5ef, 61902, 48054]","MACaddress":"01:17:C5:5A:A6:AB","manufacturer":0,"RSSI":-90,"serviceUUID":-1,"TXpower":-75,"TimeStamp":26662},{"beaconTypeCode":533,"dataFields":"[3]","distance":1.37300525669855,"extraDataFields":"[]","identifiers":"[23a01af0-232a-4518-9c0e-323fb773f5ef, 61902, 48054]","MACaddress":"01:17:C5:5A:A6:AB","manufacturer":0,"RSSI":-80,"serviceUUID":-1,"TXpower":-75,"TimeStamp":28196},{"beaconTypeCode":533,"dataFields":"[3]","distance":1.3790820713353054,"extraDataFields":"[]","identifiers":"[23a01af0-232a-4518-9c0e-323fb773f5ef, 61902, 48054]","MACaddress":"01:17:C5:5A:A6:AB","manufacturer":0,"RSSI":-84,"serviceUUID":-1,"TXpower":-75,"TimeStamp":28727},{"beaconTypeCode":533,"dataFields":"[3]","distance":1.3878298392374706,"extraDataFields":"[]","identifiers":"[23a01af0-232a-4518-9c0e-323fb773f5ef, 61902, 48054]","MACaddress":"01:17:C5:5A:A6:AB","manufacturer":0,"RSSI":-84,"serviceUUID":-1,"TXpower":-75,"TimeStamp":29716},{"beaconTypeCode":533,"dataFields":"[3]","distance":1.3834461312442574,"extraDataFields":"[]","identifiers":"[23a01af0-232a-4518-9c0e-323fb773f5ef, 61902, 48054]","MACaddress":"01:17:C5:5A:A6:AB","manufacturer":0,"RSSI":-81,"serviceUUID":-1,"TXpower":-75,"TimeStamp":30241},{"beaconTypeCode":533,"dataFields":"[3]","distance":1.3927526193859703,"extraDataFields":"[]","identifiers":"[23a01af0-232a-4518-9c0e-323fb773f5ef, 61902, 48054]","MACaddress":"01:17:C5:5A:A6:AB","manufacturer":0,"RSSI":-85,"serviceUUID":-1,"TXpower":-75,"TimeStamp":30739},{"beaconTypeCode":533,"dataFields":"[3]","distance":1.3892954541790055,"extraDataFields":"[]","identifiers":"[23a01af0-232a-4518-9c0e-323fb773f5ef, 61902, 48054]","MACaddress":"01:17:C5:5A:A6:AB","manufacturer":0,"RSSI":-82,"serviceUUID":-1,"TXpower":-75,"TimeStamp":31255},{"beaconTypeCode":533,"dataFields":"[3]","distance":1.4010995881362711,"extraDataFields":"[]","identifiers":"[23a01af0-232a-4518-9c0e-323fb773f5ef, 61902, 48054]","MACaddress":"01:17:C5:5A:A6:AB","manufacturer":0,"RSSI":-83,"serviceUUID":-1,"TXpower":-75,"TimeStamp":31776},{"beaconTypeCode":533,"dataFields":"[3]","distance":1.4010995881362711,"extraDataFields":"[]","identifiers":"[23a01af0-232a-4518-9c0e-323fb773f5ef, 61902, 48054]","MACaddress":"01:17:C5:5A:A6:AB","manufacturer":0,"RSSI":-81,"serviceUUID":-1,"TXpower":-75,"TimeStamp":32271}],[{"beaconTypeCode":533,"dataFields":"[3]","distance":3.063713198240827,"extraDataFields":"[]","identifiers":"[23a01af0-232a-4518-9c0e-323fb773f5ef, 61902, 48056]","MACaddress":"01:17:C5:5E:1E:7E","manufacturer":0,"RSSI":-97,"serviceUUID":-1,"TXpower":-75,"TimeStamp":1582},{"beaconTypeCode":533,"dataFields":"[3]","distance":2.646658542916943,"extraDataFields":"[]","identifiers":"[23a01af0-232a-4518-9c0e-323fb773f5ef, 61902, 48056]","MACaddress":"01:17:C5:5E:1E:7E","manufacturer":0,"RSSI":-89,"serviceUUID":-1,"TXpower":-75,"TimeStamp":2597},{"beaconTypeCode":533,"dataFields":"[3]","distance":2.570785089343002,"extraDataFields":"[]","identifiers":"[23a01af0-232a-4518-9c0e-323fb773f5ef, 61902, 48056]","MACaddress":"01:17:C5:5E:1E:7E","manufacturer":0,"RSSI":-93,"serviceUUID":-1,"TXpower":-75,"TimeStamp":3117},{"beaconTypeCode":533,"dataFields":"[3]","distance":2.4972743879961037,"extraDataFields":"[]","identifiers":"[23a01af0-232a-4518-9c0e-323fb773f5ef, 61902, 48056]","MACaddress":"01:17:C5:5E:1E:7E","manufacturer":0,"RSSI":-92,"serviceUUID":-1,"TXpower":-75,"TimeStamp":3629},{"beaconTypeCode":533,"dataFields":"[3]","distance":2.426064908839133,"extraDataFields":"[]","identifiers":"[23a01af0-232a-4518-9c0e-323fb773f5ef, 61902, 48056]","MACaddress":"01:17:C5:5E:1E:7E","manufacturer":0,"RSSI":-91,"serviceUUID":-1,"TXpower":-75,"TimeStamp":4693},{"beaconTypeCode":533,"dataFields":"[3]","distance":2.3798405767227075,"extraDataFields":"[]","identifiers":"[23a01af0-232a-4518-9c0e-323fb773f5ef, 61902, 48056]","MACaddress":"01:17:C5:5E:1E:7E","manufacturer":0,"RSSI":-91,"serviceUUID":-1,"TXpower":-75,"TimeStamp":5703},{"beaconTypeCode":533,"dataFields":"[3]","distance":2.3863837427168444,"extraDataFields":"[]","identifiers":"[23a01af0-232a-4518-9c0e-323fb773f5ef, 61902, 48056]","MACaddress":"01:17:C5:5E:1E:7E","manufacturer":0,"RSSI":-93,"serviceUUID":-1,"TXpower":-75,"TimeStamp":6206},{"beaconTypeCode":533,"dataFields":"[3]","distance":2.2903099031483434,"extraDataFields":"[]","identifiers":"[23a01af0-232a-4518-9c0e-323fb773f5ef, 61902, 48056]","MACaddress":"01:17:C5:5E:1E:7E","manufacturer":0,"RSSI":-87,"serviceUUID":-1,"TXpower":-75,"TimeStamp":6728},{"beaconTypeCode":533,"dataFields":"[3]","distance":2.2347572233964255,"extraDataFields":"[]","identifiers":"[23a01af0-232a-4518-9c0e-323fb773f5ef, 61902, 48056]","MACaddress":"01:17:C5:5E:1E:7E","manufacturer":0,"RSSI":-89,"serviceUUID":-1,"TXpower":-75,"TimeStamp":7243},{"beaconTypeCode":533,"dataFields":"[3]","distance":2.1940954344943018,"extraDataFields":"[]","identifiers":"[23a01af0-232a-4518-9c0e-323fb773f5ef, 61902, 48056]","MACaddress":"01:17:C5:5E:1E:7E","manufacturer":0,"RSSI":-89,"serviceUUID":-1,"TXpower":-75,"TimeStamp":7744},{"beaconTypeCode":533,"dataFields":"[3]","distance":2.1630531761007976,"extraDataFields":"[]","identifiers":"[23a01af0-232a-4518-9c0e-323fb773f5ef, 61902, 48056]","MACaddress":"01:17:C5:5E:1E:7E","manufacturer":0,"RSSI":-87,"serviceUUID":-1,"TXpower":-75,"TimeStamp":8766},{"beaconTypeCode":533,"dataFields":"[3]","distance":2.1264659506290506,"extraDataFields":"[]","identifiers":"[23a01af0-232a-4518-9c0e-323fb773f5ef, 61902, 48056]","MACaddress":"01:17:C5:5E:1E:7E","manufacturer":0,"RSSI":-88,"serviceUUID":-1,"TXpower":-75,"TimeStamp":10761},{"beaconTypeCode":533,"dataFields":"[3]","distance":2.174282700823087,"extraDataFields":"[]","identifiers":"[23a01af0-232a-4518-9c0e-323fb773f5ef, 61902, 48056]","MACaddress":"01:17:C5:5E:1E:7E","manufacturer":0,"RSSI":-95,"serviceUUID":-1,"TXpower":-75,"TimeStamp":12292},{"beaconTypeCode":533,"dataFields":"[3]","distance":2.1630531761007976,"extraDataFields":"[]","identifiers":"[23a01af0-232a-4518-9c0e-323fb773f5ef, 61902, 48056]","MACaddress":"01:17:C5:5E:1E:7E","manufacturer":0,"RSSI":-90,"serviceUUID":-1,"TXpower":-75,"TimeStamp":13869},{"beaconTypeCode":533,"dataFields":"[3]","distance":2.1630531761007976,"extraDataFields":"[]","identifiers":"[23a01af0-232a-4518-9c0e-323fb773f5ef, 61902, 48056]","MACaddress":"01:17:C5:5E:1E:7E","manufacturer":0,"RSSI":-91,"serviceUUID":-1,"TXpower":-75,"TimeStamp":16435},{"beaconTypeCode":533,"dataFields":"[3]","distance":2.1455410597023263,"extraDataFields":"[]","identifiers":"[23a01af0-232a-4518-9c0e-323fb773f5ef, 61902, 48056]","MACaddress":"01:17:C5:5E:1E:7E","manufacturer":0,"RSSI":-89,"serviceUUID":-1,"TXpower":-75,"TimeStamp":16956},{"beaconTypeCode":533,"dataFields":"[3]","distance":2.122444911651214,"extraDataFields":"[]","identifiers":"[23a01af0-232a-4518-9c0e-323fb773f5ef, 61902, 48056]","MACaddress":"01:17:C5:5E:1E:7E","manufacturer":0,"RSSI":-88,"serviceUUID":-1,"TXpower":-75,"TimeStamp":17944},{"beaconTypeCode":533,"dataFields":"[3]","distance":2.093977675956773,"extraDataFields":"[]","identifiers":"[23a01af0-232a-4518-9c0e-323fb773f5ef, 61902, 48056]","MACaddress":"01:17:C5:5E:1E:7E","manufacturer":0,"RSSI":-89,"serviceUUID":-1,"TXpower":-75,"TimeStamp":18465},{"beaconTypeCode":533,"dataFields":"[3]","distance":2.072917835165101,"extraDataFields":"[]","identifiers":"[23a01af0-232a-4518-9c0e-323fb773f5ef, 61902, 48056]","MACaddress":"01:17:C5:5E:1E:7E","manufacturer":0,"RSSI":-88,"serviceUUID":-1,"TXpower":-75,"TimeStamp":19479},{"beaconTypeCode":533,"dataFields":"[3]","distance":2.057467890795839,"extraDataFields":"[]","identifiers":"[23a01af0-232a-4518-9c0e-323fb773f5ef, 61902, 48056]","MACaddress":"01:17:C5:5E:1E:7E","manufacturer":0,"RSSI":-82,"serviceUUID":-1,"TXpower":-75,"TimeStamp":19973},{"beaconTypeCode":533,"dataFields":"[3]","distance":2.0236143330772354,"extraDataFields":"[]","identifiers":"[23a01af0-232a-4518-9c0e-323fb773f5ef, 61902, 48056]","MACaddress":"01:17:C5:5E:1E:7E","manufacturer":0,"RSSI":-88,"serviceUUID":-1,"TXpower":-75,"TimeStamp":20987},{"beaconTypeCode":533,"dataFields":"[3]","distance":2.01840717287081,"extraDataFields":"[]","identifiers":"[23a01af0-232a-4518-9c0e-323fb773f5ef, 61902, 48056]","MACaddress":"01:17:C5:5E:1E:7E","manufacturer":0,"RSSI":-93,"serviceUUID":-1,"TXpower":-75,"TimeStamp":22010},{"beaconTypeCode":533,"dataFields":"[3]","distance":2.012105374709235,"extraDataFields":"[]","identifiers":"[23a01af0-232a-4518-9c0e-323fb773f5ef, 61902, 48056]","MACaddress":"01:17:C5:5E:1E:7E","manufacturer":0,"RSSI":-91,"serviceUUID":-1,"TXpower":-75,"TimeStamp":22548},{"beaconTypeCode":533,"dataFields":"[3]","distance":2.0036162710007526,"extraDataFields":"[]","identifiers":"[23a01af0-232a-4518-9c0e-323fb773f5ef, 61902, 48056]","MACaddress":"01:17:C5:5E:1E:7E","manufacturer":0,"RSSI":-91,"serviceUUID":-1,"TXpower":-75,"TimeStamp":23069},{"beaconTypeCode":533,"dataFields":"[3]","distance":1.9970020886807502,"extraDataFields":"[]","identifiers":"[23a01af0-232a-4518-9c0e-323fb773f5ef, 61902, 48056]","MACaddress":"01:17:C5:5E:1E:7E","manufacturer":0,"RSSI":-91,"serviceUUID":-1,"TXpower":-75,"TimeStamp":24107},{"beaconTypeCode":533,"dataFields":"[3]","distance":1.9871291251433794,"extraDataFields":"[]","identifiers":"[23a01af0-232a-4518-9c0e-323fb773f5ef, 61902, 48056]","MACaddress":"01:17:C5:5E:1E:7E","manufacturer":0,"RSSI":-91,"serviceUUID":-1,"TXpower":-75,"TimeStamp":25669},{"beaconTypeCode":533,"dataFields":"[3]","distance":1.9594682551862694,"extraDataFields":"[]","identifiers":"[23a01af0-232a-4518-9c0e-323fb773f5ef, 61902, 48056]","MACaddress":"01:17:C5:5E:1E:7E","manufacturer":0,"RSSI":-87,"serviceUUID":-1,"TXpower":-75,"TimeStamp":26174},{"beaconTypeCode":533,"dataFields":"[3]","distance":1.9712665835995813,"extraDataFields":"[]","identifiers":"[23a01af0-232a-4518-9c0e-323fb773f5ef, 61902, 48056]","MACaddress":"01:17:C5:5E:1E:7E","manufacturer":0,"RSSI":-88,"serviceUUID":-1,"TXpower":-75,"TimeStamp":27696},{"beaconTypeCode":533,"dataFields":"[3]","distance":1.995117060929004,"extraDataFields":"[]","identifiers":"[23a01af0-232a-4518-9c0e-323fb773f5ef, 61902, 48056]","MACaddress":"01:17:C5:5E:1E:7E","manufacturer":0,"RSSI":-92,"serviceUUID":-1,"TXpower":-75,"TimeStamp":29206},{"beaconTypeCode":533,"dataFields":"[3]","distance":1.9983228601247767,"extraDataFields":"[]","identifiers":"[23a01af0-232a-4518-9c0e-323fb773f5ef, 61902, 48056]","MACaddress":"01:17:C5:5E:1E:7E","manufacturer":0,"RSSI":-90,"serviceUUID":-1,"TXpower":-75,"TimeStamp":29716},{"beaconTypeCode":533,"dataFields":"[3]","distance":2.0152533737155123,"extraDataFields":"[]","identifiers":"[23a01af0-232a-4518-9c0e-323fb773f5ef, 61902, 48056]","MACaddress":"01:17:C5:5E:1E:7E","manufacturer":0,"RSSI":-92,"serviceUUID":-1,"TXpower":-75,"TimeStamp":30241},{"beaconTypeCode":533,"dataFields":"[3]","distance":2.043847440218298,"extraDataFields":"[]","identifiers":"[23a01af0-232a-4518-9c0e-323fb773f5ef, 61902, 48056]","MACaddress":"01:17:C5:5E:1E:7E","manufacturer":0,"RSSI":-92,"serviceUUID":-1,"TXpower":-75,"TimeStamp":30738},{"beaconTypeCode":533,"dataFields":"[3]","distance":2.0303324731091092,"extraDataFields":"[]","identifiers":"[23a01af0-232a-4518-9c0e-323fb773f5ef, 61902, 48056]","MACaddress":"01:17:C5:5E:1E:7E","manufacturer":0,"RSSI":-82,"serviceUUID":-1,"TXpower":-75,"TimeStamp":31255},{"beaconTypeCode":533,"dataFields":"[3]","distance":2.012105374709235,"extraDataFields":"[]","identifiers":"[23a01af0-232a-4518-9c0e-323fb773f5ef, 61902, 48056]","MACaddress":"01:17:C5:5E:1E:7E","manufacturer":0,"RSSI":-85,"serviceUUID":-1,"TXpower":-75,"TimeStamp":31776},{"beaconTypeCode":533,"dataFields":"[3]","distance":1.968637453235478,"extraDataFields":"[]","identifiers":"[23a01af0-232a-4518-9c0e-323fb773f5ef, 61902, 48056]","MACaddress":"01:17:C5:5E:1E:7E","manufacturer":0,"RSSI":-83,"serviceUUID":-1,"TXpower":-75,"TimeStamp":32270},{"beaconTypeCode":533,"dataFields":"[3]","distance":1.9379538581802516,"extraDataFields":"[]","identifiers":"[23a01af0-232a-4518-9c0e-323fb773f5ef, 61902, 48056]","MACaddress":"01:17:C5:5E:1E:7E","manufacturer":0,"RSSI":-84,"serviceUUID":-1,"TXpower":-75,"TimeStamp":32778}]]